,Index,Name,DisplayName,restaurant_type,PostalCode,city_name,business_status,nationalPhoneNumber,rating,dineIn,GoogleMapsUri
0,0,places/ChIJeXWoJFLfjkYRrRe5Qz2yovk,Ravintola Naulankanta,"['restaurant', 'point_of_interest', 'food', 'establishment']",33100,Tampere,,,4.2,True,https://maps.google.com/?cid=17988135837870135213
1,2,places/ChIJI-YgF1LfjkYRCIDXSHBUI-g,Juvenes Ravintola Ratamo,"['restaurant', 'food', 'point_of_interest', 'establishment']",33100,Tampere,,020 7600367,3.2,True,https://maps.google.com/?cid=16727306282219307016
2,4,places/ChIJQYyzgFLfjkYRKCcnb3YCvOU,Tiinan Kotiruoka,"['restaurant', 'food', 'point_of_interest', 'establishment']",33100,Tampere,,040 5606406,4.4,True,https://maps.google.com/?cid=16554109038001334056
3,5,places/ChIJeWPriFLfjkYRp5g2dzBaOcA,Juvenes Ravintola Saarni,"['restaurant', 'food', 'point_of_interest', 'establishment']",33100,Tampere,,020 7600352,3.9,True,https://maps.google.com/?cid=13851201293159667879
4,8,places/ChIJl6ispLLYjkYRKMywXonpL0s,Manoushe Ravintola,"['lebanese_restaurant', 'restaurant', 'food', 'point_of_interest', 'establishment']",33100,Tampere,,040 0192109,4.7,True,https://maps.google.com/?cid=5417805652958432296
5,10,places/ChIJO3tca1Enj0YRrOlPKbUNq0o,Priima-Ravintolat Oy,"['restaurant', 'food', 'point_of_interest', 'establishment']",33100,Tampere,,010 2293060,,True,https://maps.google.com/?cid=5380409251557534124
6,12,places/ChIJd3-CEbLYjkYRdhtXLv2vZ-U,RAVINTOLA KAMPIN SIRKUS,"['restaurant', 'point_of_interest', 'food', 'establishment']",33200,Tampere,,,,True,https://maps.google.com/?cid=16530374459225742198
7,13,places/ChIJO5cR_63YjkYRootN4svyASQ,Henkilöstöravintola Maitolaituri Oy,"['restaurant', 'point_of_interest', 'food', 'establishment']",33200,Tampere,,03 2503202,3.0,True,https://maps.google.com/?cid=2594621817831132066
8,14,places/ChIJy-6WKbLYjkYRXqfg-u3EyW0,Coriander,"['restaurant', 'food', 'point_of_interest', 'establishment']",33200,Tampere,,,,True,https://maps.google.com/?cid=7911070746848307038
9,15,places/ChIJTw7Yk7HYjkYR6Gmmb4rcTNw,Ravintola Piha,"['restaurant', 'food', 'point_of_interest', 'establishment']",33200,Tampere,,050 5446645,4.3,True,https://maps.google.com/?cid=15874305273710930408
10,18,places/ChIJZTwzyFPfjkYR8XtP288kjoQ,Food & Co Minerva,"['restaurant', 'food', 'point_of_interest', 'establishment']",33100,Tampere,,050 3185914,3.9,True,https://maps.google.com/?cid=9551612334855650289
11,20,places/ChIJa6nquEbZjkYR0SMfHSA50OA,Pitopalvelu ja ravintola Salotti,"['restaurant', 'bakery', 'food', 'store', 'point_of_interest', 'establishment']",33100,Tampere,,045 2607060,4.8,True,https://maps.google.com/?cid=16199510669741990865
12,21,places/ChIJ-3_b51vfjkYRHSJJF6-MR5A,Salotti,"['restaurant', 'food', 'point_of_interest', 'establishment']",33100,Tammerfors,,045 2607060,5.0,True,https://maps.google.com/?cid=10396432948445913629
13,23,places/ChIJP1MRx6zYjkYRiz8NIYuTjdg,Subway,"['sandwich_shop', 'fast_food_restaurant', 'meal_takeaway', 'restaurant', 'food', 'point_of_interest', 'establishment']",33100,Tampere,,010 4008500,3.8,True,https://maps.google.com/?cid=15604290509672890251
14,24,places/ChIJq704DezZjkYRANMibJM_m7I,Kotipizza Ratina,"['pizza_restaurant', 'restaurant', 'food', 'point_of_interest', 'establishment']",33100,Tampere,,044 2411509,3.9,True,https://maps.google.com/?cid=12869950262548288256
15,25,places/ChIJW89QxBvfjkYRkaT0gQlRdtY,Fafa's,"['vegetarian_restaurant', 'vegan_restaurant', 'cafe', 'restaurant', 'food', 'point_of_interest', 'establishment']",33100,Tampere,,044 2402059,4.0,True,https://maps.google.com/?cid=15453628272645285009
16,26,places/ChIJw-Bq1lLfjkYR_TNHrW9jOVo,Ravintola Periscope,"['restaurant', 'food', 'point_of_interest', 'establishment']",33100,Tampere,,050 5128411,4.1,True,https://maps.google.com/?cid=6501336868385666045
17,27,places/ChIJQb8hNK3YjkYRvPXRsuIb0ZA,Hanko Aasia Ratina,"['sushi_restaurant', 'japanese_restaurant', 'meal_takeaway', 'restaurant', 'food', 'point_of_interest', 'establishment']",33100,Tampere,,050 5146238,3.8,True,https://maps.google.com/?cid=10435152472070813116
18,28,places/ChIJmRF9eFr0jUYRtfS5JykMfGI,Classic Pizza Restaurant,"['restaurant', 'food', 'point_of_interest', 'establishment']",33100,Tampere,,044 7337090,3.9,True,https://maps.google.com/?cid=7096560483728749749
19,30,places/ChIJb4ZQNdTfjkYRtn8OhzBaJ0A,Kung Food Panda,"['restaurant', 'food', 'point_of_interest', 'establishment']",33100,Tampere,,041 3196181,3.8,True,https://maps.google.com/?cid=4622762706989907894
20,32,places/ChIJq5P36gjZjkYRNrGaEE4rMiQ,Le Momento,"['italian_restaurant', 'restaurant', 'food', 'point_of_interest', 'establishment']",33100,Tampere,,050 5162653,4.0,True,https://maps.google.com/?cid=2608194748486955318
21,34,places/ChIJFyPoM1vfjkYRH9-yvuLhlk4,Via Tribunali Tampere,"['restaurant', 'pizza_restaurant', 'food', 'point_of_interest', 'establishment']",33100,Tampere,,050 5019619,4.8,True,https://maps.google.com/?cid=5662961945443229471
22,37,places/ChIJtR6yJyPZjkYRW9vJkkytt0I,Laivapuiston lounas- ja juhlapalvelu,"['restaurant', 'point_of_interest', 'food', 'establishment']",33200,Tampere,,040 5298098,5.0,True,https://maps.google.com/?cid=4807501671633115995
23,38,places/ChIJj3wVpVLZjkYRxoZUrKzpahQ,Eatshares,"['restaurant', 'point_of_interest', 'food', 'establishment']",33200,Tampere,,,4.4,True,https://maps.google.com/?cid=1471245156124755654
24,44,places/ChIJCatn-rHYjkYRv97ILSoKUAA,Grillsson Tampere,"['restaurant', 'event_venue', 'food', 'point_of_interest', 'establishment']",33200,Tampere,,040 6672316,4.0,True,https://maps.google.com/?cid=22529174409895615
25,45,places/ChIJ3YWhtqLZjkYR9KrW32kEgIc,Kortteliravintola Bellmanni,"['restaurant', 'food', 'point_of_interest', 'establishment']",33200,Tampere,,040 6672316,4.8,True,https://maps.google.com/?cid=9763808844912700148
26,48,places/ChIJVVVVlbHYjkYRG1_JbriPnPQ,Suomen Siipiravintolat Oy,"['restaurant', 'point_of_interest', 'food', 'establishment']",33200,Tampere,,03 2233284,,True,https://maps.google.com/?cid=17626121063916723995
27,49,places/ChIJax2g5GHZjkYReokwtPwjjGk,The Curry Leaf,"['restaurant', 'bar', 'point_of_interest', 'food', 'establishment']",33200,Tampere,,050 4705003,5.0,True,https://maps.google.com/?cid=7605493438983735674
28,50,places/ChIJ60bUJYnfjkYRDSTYbqSFXtY,Teopolis,"['restaurant', 'point_of_interest', 'food', 'establishment']",33100,Tampere,,040 5303518,3.8,True,https://maps.google.com/?cid=15446930713208169485
29,52,places/ChIJ0S0_XlHfjkYRhDxZ67sWuek,Juvenes YO Ravintola,"['restaurant', 'food', 'point_of_interest', 'establishment']",33014,Tampere,,020 7600370,3.9,True,https://maps.google.com/?cid=16841517277891869828
30,55,places/ChIJ7eiFCcXfjkYRPymzPo4LerQ,Laawu Rooftop Terrace & Sauna,"['restaurant', 'point_of_interest', 'food', 'establishment']",33100,Tampere,,040 1563158,4.4,True,https://maps.google.com/?cid=13004719579550918975
31,57,places/ChIJsTeOzOPfjkYRw5Y-2O7Zl5c,Saivo Kitchen & Bar of Moments,"['restaurant', 'point_of_interest', 'food', 'establishment']",33100,Tampere,,040 3531181,4.2,True,https://maps.google.com/?cid=10923439041063851715
32,58,places/ChIJsccXolPfjkYRw6anMNAP1HY,Technopolis Yliopistonrinne Tampere,"['real_estate_agency', 'event_venue', 'restaurant', 'point_of_interest', 'food', 'establishment']",33100,Tampere,,046 8700190,4.2,,https://maps.google.com/?cid=8562486178382063299
33,59,places/ChIJj7N27hjfjkYRBNlMunvNwnU,Friends & Brgrs Nokia Arena,"['hamburger_restaurant', 'american_restaurant', 'restaurant', 'point_of_interest', 'food', 'establishment']",33100,Tampere,,,4.5,True,https://maps.google.com/?cid=8485570579209705732
34,60,places/ChIJD1kEH0LfjkYR-Ke10riLywM,Casino Taproom,"['restaurant', 'bar', 'point_of_interest', 'food', 'establishment']",33100,Tampere,,010 2293064,3.8,True,https://maps.google.com/?cid=273465828311410680
35,65,places/ChIJsxfDMlzfjkYRbkxer6JIZOE,Sorella Dining,"['restaurant', 'food', 'point_of_interest', 'establishment']",33100,Tampere,,010 3246741,4.3,True,https://maps.google.com/?cid=16241186019768945774
36,67,places/ChIJNfZdMCXfjkYRVGh8ypwboPI,Broor,"['bar', 'sports_club', 'restaurant', 'food', 'point_of_interest', 'establishment']",33100,Tampere,,,4.2,True,https://maps.google.com/?cid=17483004113678264404
37,68,places/ChIJD18hEsrfjkYRmwpsHL-A_vM,Marjex Bar - Ratina,"['restaurant', 'food', 'point_of_interest', 'establishment']",33100,Tampere,,,5.0,True,https://maps.google.com/?cid=17581631553604946587
38,69,places/ChIJgz4DuBvfjkYRGhhJC0lA5t0,Tampinkoski Kitchen & Bar,"['restaurant', 'food', 'point_of_interest', 'establishment']",33100,Tampere,,050 5533754,4.4,True,https://maps.google.com/?cid=15989538209491654682
39,72,places/ChIJo7Gu8I7fjkYRQbiSNax6d_0,John Scott's Ratina,"['restaurant', 'point_of_interest', 'food', 'establishment']",33100,Tampere,,040 1952248,4.2,True,https://maps.google.com/?cid=18264201693876107329
40,75,places/ChIJzzkY1lLfjkYRMI0XuvzBbio,Hesburger Ratina,"['fast_food_restaurant', 'restaurant', 'point_of_interest', 'food', 'establishment']",33100,Tampere,,044 4809459,3.8,True,https://maps.google.com/?cid=3057594488229170480
41,76,places/ChIJw8B7htzfjkYRRdRWPLT1Pg0,Burger King Ratina,"['fast_food_restaurant', 'hamburger_restaurant', 'american_restaurant', 'restaurant', 'point_of_interest', 'food', 'establishment']",33100,Tampere,,040 4867301,3.8,True,https://maps.google.com/?cid=954470325504365637
42,78,places/ChIJzzkY1lLfjkYR1TP1jF_-VXE,Pancho Villa Ratina,"['american_restaurant', 'restaurant', 'point_of_interest', 'food', 'establishment']",33100,Tampere,,040 6751948,3.8,True,https://maps.google.com/?cid=8166713185646490581
43,86,places/ChIJ54XVPa3YjkYRoA-cS9kn6j0,Little Joe,"['restaurant', 'food', 'point_of_interest', 'establishment']",33100,Tampere,,0100 5572,3.9,True,https://maps.google.com/?cid=4461422195093802912
44,97,places/ChIJz69KW37ZjkYRLes5Ee3Mehc,Ratina Freixenet,"['restaurant', 'food', 'point_of_interest', 'establishment']",33100,Tampere,,,5.0,True,https://maps.google.com/?cid=1691889928599366445
45,99,places/ChIJ3-MgOwDZjkYRF5xWLet3kZ8,Saunaravintola FLOU,"['restaurant', 'food', 'point_of_interest', 'establishment']",33100,Tampere,,044 2493834,3.5,True,https://maps.google.com/?cid=11498103175615257623
46,100,places/ChIJDXMMFa3YjkYRW-zkhxBic2M,Summer Restaurant Laituri,"['restaurant', 'food', 'point_of_interest', 'establishment']",33100,Tampere,,0100 5571,3.8,True,https://maps.google.com/?cid=7166179255215516763
47,105,places/ChIJTb_-bIXZjkYR3FoISkgcsSU,Sauna Restaurant Kuuma,"['restaurant', 'wedding_venue', 'cafe', 'event_venue', 'bar', 'food', 'point_of_interest', 'establishment']",33200,Tampere,,050 5170564,4.2,True,https://maps.google.com/?cid=2715983147086404316
48,111,places/ChIJOZXT8p_fjkYRh6P6B72fpvs,Pizzeria Basiliko,"['pizza_restaurant', 'restaurant', 'food', 'point_of_interest', 'establishment']",33100,Tampere,,050 3777311,4.5,True,https://maps.google.com/?cid=18133356583885382535
49,113,places/ChIJ37EDjVPfjkYRixNtotNo68Q,Sodexo Linna,"['restaurant', 'food', 'point_of_interest', 'establishment']",33100,Tampere,,050 3185913,3.6,True,https://maps.google.com/?cid=14189550309133325195
50,114,places/ChIJ5RgXthvfjkYRue66OS5ZyhE,Pub Old Mates,"['bar', 'restaurant', 'food', 'point_of_interest', 'establishment']",33100,Tampere,,044 9898518,4.3,True,https://maps.google.com/?cid=1281935099012247225
51,116,places/ChIJ8_s2k1PfjkYRDj2YqsJfDXI,Aleksis,"['restaurant', 'point_of_interest', 'food', 'establishment']",33100,Tampere,,046 8703190,4.2,True,https://maps.google.com/?cid=8218330184711421198
52,118,places/ChIJNzCC7lTfjkYRa2ynipvy-mo,Food & Co Tulli Business Park,"['restaurant', 'point_of_interest', 'food', 'establishment']",33100,Tampere,,040 3575507,3.7,True,https://maps.google.com/?cid=7708740462058105963
53,119,places/ChIJW9u0ElbfjkYRnGqvDnpXphw,"Palmia Oy, Tampereen toimipiste","['restaurant', 'point_of_interest', 'food', 'establishment']",33100,Tampere,,03 0322000,,,https://maps.google.com/?cid=2064433660939954844
54,120,places/ChIJZWzeYGvfjkYRL0tb37Jqke0,Fondemo Tampere,"['coffee_shop', 'cafe', 'restaurant', 'point_of_interest', 'store', 'food', 'establishment']",33100,Tampere,,040 4919908,5.0,True,https://maps.google.com/?cid=17118580975095991087
55,129,places/ChIJ0_eH8y_fjkYRv0tNNiB1g9w,Huarong Sushi,"['sushi_restaurant', 'japanese_restaurant', 'restaurant', 'food', 'point_of_interest', 'establishment']",33100,Tampere,,050 3087694,4.4,True,https://maps.google.com/?cid=15889672691503680447
56,130,places/ChIJV3jwSQDfjkYRxYxe004ZXWY,Tasty Bit,"['restaurant', 'food', 'point_of_interest', 'establishment']",33100,Tampere,,,5.0,True,https://maps.google.com/?cid=7376079591047072965
57,131,places/ChIJvbQwGyzfjkYRfkrOmE9lQSc,Vintage Grill,"['restaurant', 'food', 'point_of_interest', 'establishment']",33100,Tampere,,050 4655415,5.0,True,https://maps.google.com/?cid=2828653433505860222
58,138,places/ChIJ981zSlPfjkYRGF_rpSfKM3o,Ravintola Piemonte,"['italian_restaurant', 'restaurant', 'point_of_interest', 'food', 'establishment']",33100,Tampere,,03 2255505,4.2,True,https://maps.google.com/?cid=8805603968075652888
59,139,places/ChIJw0pOxKzYjkYRJOulZRGYfBk,Luckiefun’s Sushibuffet,"['sushi_restaurant', 'japanese_restaurant', 'restaurant', 'point_of_interest', 'food', 'establishment']",33100,Tampere,,044 9840592,4.0,True,https://maps.google.com/?cid=1836509948547558180
60,140,places/ChIJYfWwSVPfjkYRVBLBiuQBVMw,Nittaya Thai & Laos,"['thai_restaurant', 'restaurant', 'point_of_interest', 'food', 'establishment']",33100,Tampere,,03 5425400,4.2,True,https://maps.google.com/?cid=14723395162873074260
61,141,places/ChIJ_6fO2vDZjkYRU301oF_0T1Y,Friends & Brgrs Koskikeskus,"['hamburger_restaurant', 'american_restaurant', 'restaurant', 'point_of_interest', 'food', 'establishment']",33100,Tampere,,044 5504819,4.4,True,https://maps.google.com/?cid=6219458301968874835
62,142,places/ChIJPRCewazYjkYRFrmdulDTxKk,Manhattan Steak House Tampere,"['steak_house', 'restaurant', 'point_of_interest', 'food', 'establishment']",33100,Tampere,,03 2228839,4.0,True,https://maps.google.com/?cid=12233134831526852886
63,144,places/ChIJ5SBtlqzYjkYRJJGEtLOL1xQ,Rax,"['restaurant', 'pizza_restaurant', 'point_of_interest', 'food', 'establishment']",33100,Tampere,,040 6742343,3.5,True,https://maps.google.com/?cid=1501822604695343396
64,145,places/ChIJC8VKZrrZjkYRgrCcwvGpvvs,K-CHICK,"['restaurant', 'point_of_interest', 'food', 'establishment']",33100,Tampere,,050 5541320,4.7,True,https://maps.google.com/?cid=18140123204912197762
65,146,places/ChIJibg2RL_ZjkYR1hNCfRlgP8M,Momotoko Koskikeskus,"['ramen_restaurant', 'vegan_restaurant', 'japanese_restaurant', 'vegetarian_restaurant', 'restaurant', 'point_of_interest', 'food', 'establishment']",33100,Tampere,,040 1240402,4.3,True,https://maps.google.com/?cid=14069069423520650198
66,147,places/ChIJG5QbsWnZjkYR3N8S6YZYe7k,Pretty Boy Koskikeskus,"['restaurant', 'point_of_interest', 'food', 'establishment']",33100,Tampere,,044 7128192,4.2,True,https://maps.google.com/?cid=13365373655611269084
67,148,places/ChIJcYJBFVPZjkYRff8lyelXFlg,Elias döner kebab koskikeskus,"['restaurant', 'point_of_interest', 'food', 'establishment']",33100,Tampere,,041 3188129,4.2,True,https://maps.google.com/?cid=6347357386438999933
68,149,places/ChIJPw3OChTZjkYR0FhL82tTx8M,Taco Bell,"['restaurant', 'point_of_interest', 'food', 'establishment']",33100,Tampere,,041 7314564,3.5,True,https://maps.google.com/?cid=14107336080869775568
69,153,places/ChIJm2Zjv-DZjkYRF7K-WzCKnpQ,Osaka Teppanyaki,"['japanese_restaurant', 'restaurant', 'point_of_interest', 'food', 'establishment']",33100,Tampere,,041 3119943,4.4,True,https://maps.google.com/?cid=10709148904235905559
70,154,places/ChIJO5cR_63YjkYRjYpn8rMgNPw,Ravintola Poro,"['night_club', 'restaurant', 'point_of_interest', 'food', 'establishment']",33100,Tampere,,,3.7,True,https://maps.google.com/?cid=18173186353584900749
71,156,places/ChIJ3ZpvwazYjkYRmA4EkUt3rNU,Ranta,"['restaurant', 'night_club', 'point_of_interest', 'food', 'establishment']",33100,Tampere,,,3.5,True,https://maps.google.com/?cid=15396812392512097944
72,158,places/ChIJybJ0JgDZjkYRNgr8qvy2g6s,Ravintola Daisy,"['brunch_restaurant', 'restaurant', 'food', 'point_of_interest', 'establishment']",33200,Tampere,,050 3579482,4.2,True,https://maps.google.com/?cid=12358922998751431222
73,159,places/ChIJW8vUGEDZjkYRtJEU6TYLWA8,Cafe & Bar Raina,"['event_venue', 'bar', 'restaurant', 'food', 'point_of_interest', 'establishment']",33200,Tampere,,050 9123761,4.6,True,https://maps.google.com/?cid=1105646038986035636
74,160,places/ChIJk9s6C6vYjkYRToIt49YG3Pk,"Ravintola Hook, Tampere","['american_restaurant', 'hamburger_restaurant', 'bar', 'meal_takeaway', 'restaurant', 'food', 'point_of_interest', 'establishment']",33200,Tampere,,040 1989494,4.2,True,https://maps.google.com/?cid=18004272930324578894
75,161,places/ChIJVVVVlbHYjkYRU3e-VNcnX54,Boat Restaurant Suvi,"['bar', 'restaurant', 'food', 'point_of_interest', 'establishment']",33200,Tampere,,0100 5580,4.1,,https://maps.google.com/?cid=11411883786573346643
76,162,places/ChIJv4LsVKzYjkYRCJGeatUKJ4A,Laukontorin Ilopilleri Oy,"['restaurant', 'food', 'point_of_interest', 'establishment']",33200,Tampere,,050 9111782,4.1,True,https://maps.google.com/?cid=9234361472679579912
77,163,places/ChIJg5tVFQDZjkYRZCi1WsdwCNI,Laukontori Vietnamese Grill,"['restaurant', 'food', 'point_of_interest', 'establishment']",33200,Tampere,,,4.0,True,https://maps.google.com/?cid=15134470549301176420
78,164,places/ChIJiXnReQDZjkYR_OsCmIShxiI,Bad Hompres,"['restaurant', 'food', 'point_of_interest', 'establishment']",33200,Tampere,,,,,https://maps.google.com/?cid=2505867833536343036
79,165,places/ChIJqwz4s1nZjkYR775vZeUIeLY,Tapola Laukontori,"['meal_takeaway', 'american_restaurant', 'restaurant', 'food', 'point_of_interest', 'establishment']",33200,Tampere,,,4.5,,https://maps.google.com/?cid=13148268893450518255
80,167,places/ChIJWSTBoWHZjkYR_p3ZNmzm0wI,Jörn's Bowl Pop-Up,"['restaurant', 'food', 'point_of_interest', 'establishment']",33200,Tampere,,040 7740288,5.0,True,https://maps.google.com/?cid=203759760612892158
81,168,places/ChIJ3auONK_YjkYRo_-R5ajyrZE,Jörn's Döner,"['restaurant', 'food', 'point_of_interest', 'establishment']",33200,Tampere,,040 7740288,4.7,True,https://maps.google.com/?cid=10497313113690472355
82,171,places/ChIJmyMZHX3fjkYR_SIe4xnbVR8,Bistro Papu ja Pata,"['restaurant', 'point_of_interest', 'food', 'establishment']",33200,Tampere,,040 5372748,4.7,True,https://maps.google.com/?cid=2257951692427240189
83,172,places/ChIJffKkxkvZjkYR4ZA76jvPKhQ,Bad Hombres Authentic Mexican Streetfood,"['mexican_restaurant', 'restaurant', 'point_of_interest', 'food', 'establishment']",33200,Tampere,,,4.9,True,https://maps.google.com/?cid=1453201686020198625
84,173,places/ChIJAQBAwK3YjkYRU2fFVZL7Hr8,Ska-Ravintolat Oy,"['restaurant', 'point_of_interest', 'food', 'establishment']",33200,Tampere,,,,True,https://maps.google.com/?cid=13771721316468352851
85,176,places/ChIJHUggtq3YjkYRMQrOO-2jtUU,Ravintola LiV,"['restaurant', 'point_of_interest', 'food', 'establishment']",33200,Tampere,,010 4113552,4.8,True,https://maps.google.com/?cid=5023101198707591729
86,180,places/ChIJPUrFf-TZjkYRZrQulh_xl0M,Ravintola Hima,"['restaurant', 'food', 'point_of_interest', 'establishment']",33200,Tampere,,044 2357898,4.9,True,https://maps.google.com/?cid=4870626639990404198
87,182,places/ChIJx06vC67YjkYRuFjiW0frSN8,Go Go Pizza,"['pizza_restaurant', 'restaurant', 'food', 'point_of_interest', 'establishment']",33200,Tampere,,03 2255515,4.3,True,https://maps.google.com/?cid=16089368360497862840
88,185,places/ChIJW58ZDq7YjkYR7uGnLMpcS7g,Bistro Henriks,"['restaurant', 'food', 'point_of_interest', 'establishment']",33200,Tampere,,020 7669062,4.4,True,https://maps.google.com/?cid=13279809949634388462
89,186,places/ChIJW58ZDq7YjkYR8TN4imUyF-o,Casa Ravintolat Oy,"['restaurant', 'food', 'point_of_interest', 'establishment']",33200,Tampere,,09 660785,5.0,True,https://maps.google.com/?cid=16868006341035701233
90,187,places/ChIJW58ZDq7YjkYRCqsj40rzozo,Ravintola Kerho,"['bar', 'restaurant', 'food', 'point_of_interest', 'establishment']",33200,Tampere,,050 3495204,4.3,True,https://maps.google.com/?cid=4225488378367552266
91,191,places/ChIJ4TKGKbDYjkYRekSZ6bDOsVc,Pizzeria Kebab Drina,"['pizza_restaurant', 'restaurant', 'point_of_interest', 'food', 'establishment']",33200,Tampere,,03 2121770,4.1,True,https://maps.google.com/?cid=6319059011406218362
92,192,places/ChIJ4TVyAVffjkYR2pJQqjjcTu8,Ravintola Coussicca,"['restaurant', 'point_of_interest', 'food', 'establishment']",33540,Tampere,,03 2552100,4.4,True,https://maps.google.com/?cid=17243962159181894362
93,193,places/ChIJeR6Lp9bfjkYRRPcl2exMg24,Kitchen & Bar at Courtyard,"['restaurant', 'food', 'point_of_interest', 'establishment']",33100,Tampere,,029 3575700,4.2,True,https://maps.google.com/?cid=7963293146260305732
94,194,places/ChIJ1-bzG1TfjkYRt-8lMpNTU-k,Ravintola Tuhto,"['restaurant', 'food', 'point_of_interest', 'establishment']",33100,Tampere,,050 3319315,4.0,True,https://maps.google.com/?cid=16812873725570838455
95,195,places/ChIJSasDDFTfjkYR9UrwYc8ES94,Ravintola Manseri,"['restaurant', 'food', 'point_of_interest', 'establishment']",33100,Tampere,,040 3193391,3.6,True,https://maps.google.com/?cid=16017901788421180149
96,198,places/ChIJZ542d1TfjkYRZL9ZXoaaEBs,Ravintola Myllärit,"['restaurant', 'food', 'point_of_interest', 'establishment']",33100,Tampere,,020 7739444,4.1,True,https://maps.google.com/?cid=1950228540550659940
97,200,places/ChIJYa4xwhvfjkYR9gBXvQ72ESw,Tapioca Soul - Café & Snack Bar,"['brazilian_restaurant', 'brunch_restaurant', 'cafe', 'restaurant', 'food', 'point_of_interest', 'establishment']",33100,Tampere,,045 2035905,4.6,True,https://maps.google.com/?cid=3175589755439481078
98,201,places/ChIJVT53_g7fjkYRcxCYIIJwA2g,Tapioca Soul - Café & Snack Bar,"['restaurant', 'food', 'point_of_interest', 'establishment']",33100,Tampere,,045 2035905,4.0,True,https://maps.google.com/?cid=7494957909069533299
99,202,places/ChIJkYK7shbfjkYRyOzbVHxSM28,valley cong,"['chinese_restaurant', 'restaurant', 'food', 'point_of_interest', 'establishment']",33100,Tampere,,,5.0,True,https://maps.google.com/?cid=8012838855975365832
100,204,places/ChIJOR_3rEffjkYRjy9mN2ET9so,Edun Herkkukeidas - Lounas- ja tilausravintola Eetwartti,"['restaurant', 'food', 'point_of_interest', 'establishment']",33100,Tampere,,050 5542112,4.5,True,https://maps.google.com/?cid=14624898148194463631
101,213,places/ChIJy0XmQlPfjkYRJaNTbiWxo2M,O'Connell's,"['bar', 'restaurant', 'food', 'point_of_interest', 'establishment']",33100,Tampere,,010 3286000,4.4,True,https://maps.google.com/?cid=7179777005281583909
102,214,places/ChIJCzogUlPfjkYRUnyD6lQ1t5U,H5 Ravintolat Oy,"['restaurant', 'food', 'point_of_interest', 'establishment']",33100,Tampere,,,5.0,True,https://maps.google.com/?cid=10788150071217323090
103,215,places/ChIJ20XPZQHfjkYR3ffX3EPuqh8,Aloha Ramen,"['ramen_restaurant', 'japanese_restaurant', 'american_restaurant', 'restaurant', 'food', 'point_of_interest', 'establishment']",33100,Tampere,,044 9894896,4.4,True,https://maps.google.com/?cid=2281898136451938269
104,216,places/ChIJL7XDVlPfjkYRnfk7KIkaFDA,Players House,"['restaurant', 'bar', 'food', 'point_of_interest', 'establishment']",33100,Tampere,,040 7325885,4.0,True,https://maps.google.com/?cid=3464423189742614941
105,217,places/ChIJTd9rU1PfjkYRSfwvYuzDL7Q,Zarillo,"['american_restaurant', 'restaurant', 'food', 'point_of_interest', 'establishment']",33100,Tampere,,03 2126621,4.3,True,https://maps.google.com/?cid=12983811670759439433
106,218,places/ChIJMy1zU1PfjkYR0ttsWKJ0NoU,Pizzeria-ravintola Bianco,"['restaurant', 'food', 'point_of_interest', 'establishment']",33100,Tampere,,050 5284045,4.4,True,https://maps.google.com/?cid=9598987896403844050
107,219,places/ChIJ44xXq6zYjkYR0oVizH3AQ8U,Svenska Klubben i Tammerfors rf,"['restaurant', 'food', 'point_of_interest', 'establishment']",33100,Tampere,,,4.7,True,https://maps.google.com/?cid=14214416495443871186
108,221,places/ChIJ81TRPgDfjkYR-37VyLK-B0o,Hamptown Burger Tampere,"['hamburger_restaurant', 'american_restaurant', 'restaurant', 'food', 'point_of_interest', 'establishment']",33100,Tampere,,046 9657827,4.3,True,https://maps.google.com/?cid=5334441958726532859
109,222,places/ChIJ-UCCtqzYjkYRJMNps7sTFd0,M & N Ravintolat Oy,"['restaurant', 'food', 'point_of_interest', 'establishment']",33100,Tampere,,044 0936450,,True,https://maps.google.com/?cid=15930660953782862628
110,223,places/ChIJfYSDtqzYjkYRLNEoO5MjXs0,Ravintola Malika,"['restaurant', 'food', 'point_of_interest', 'establishment']",33100,Tampere,,044 9765058,4.3,True,https://maps.google.com/?cid=14798304540845723948
111,230,places/ChIJO7IRiRnZjkYRop6kaJ8m63A,Ristorante Roma,"['italian_restaurant', 'restaurant', 'food', 'point_of_interest', 'establishment']",33100,Tampere,,050 3290829,3.8,True,https://maps.google.com/?cid=8136639617872207522
112,231,places/ChIJp_28pazYjkYRqaAmZQlkqS4,2h+k,"['restaurant', 'bar', 'food', 'point_of_interest', 'establishment']",33100,Tampere,,03 2131131,4.3,True,https://maps.google.com/?cid=3362328588323299497
113,235,places/ChIJTa2kTADZjkYRFlM6-AtnMcA,Aitoleipä Koskikeskus,"['restaurant', 'food', 'point_of_interest', 'establishment']",33100,Tampere,,020 7931147,3.0,True,https://maps.google.com/?cid=13848963630247858966
114,236,places/ChIJ35pvwazYjkYRGuQ8sXMaDGE,Tunturimax Oy,"['restaurant', 'food', 'point_of_interest', 'establishment']",33100,Tampere,,010 4233204,,True,https://maps.google.com/?cid=6992993405596656666
115,237,places/ChIJ736HwazYjkYR31nEd_sAgrg,Rengasravintolat Oy,"['restaurant', 'food', 'point_of_interest', 'establishment']",33100,Tampere,,010 4233204,,True,https://maps.google.com/?cid=13295190129997273567
116,239,places/ChIJ5SBtlqzYjkYRX7ZPrNdQZXA,Koskikeskus,"['shopping_mall', 'department_store', 'hair_salon', 'gym', 'hair_care', 'supermarket', 'grocery_store', 'electronics_store', 'cafe', 'home_improvement_store', 'home_goods_store', 'health', 'clothing_store', 'restaurant', 'food', 'store', 'point_of_interest', 'establishment']",33100,Tampere,,040 0354364,4.0,,https://maps.google.com/?cid=8098968392134800991
117,242,places/ChIJ4UQglYbZjkYRxASwbw8yaVU,Fazer Café Koskikeskus,"['coffee_shop', 'breakfast_restaurant', 'bakery', 'cafe', 'restaurant', 'food', 'store', 'point_of_interest', 'establishment']",33100,Tampere,,050 3212368,3.3,True,https://maps.google.com/?cid=6154505407658198212
118,243,places/ChIJq6qqw6zYjkYR8bfp2i9HV80,Ravintola Kaisla,"['restaurant', 'food', 'point_of_interest', 'establishment']",33230,Tampere,,,3.0,True,https://maps.google.com/?cid=14796373371610839025
119,244,places/ChIJq6qqw6zYjkYRO3_Ye2hiASs,Suomen Siipiravintolat Oy,"['restaurant', 'food', 'point_of_interest', 'establishment']",33100,Tampere,,,1.0,True,https://maps.google.com/?cid=3098866219501518651
120,245,places/ChIJq6qqw6zYjkYRSsjoseqYcus,Rivermax Oy,"['restaurant', 'food', 'point_of_interest', 'establishment']",33100,Tampere,,,,True,https://maps.google.com/?cid=16965790880032671818
121,250,places/ChIJP1MRx6zYjkYREy_06Tf8F54,"Rosso Ilves, Tampere","['restaurant', 'bar', 'food', 'point_of_interest', 'establishment']",33100,Tampere,,010 7870053,4.0,True,https://maps.google.com/?cid=11391851099535453971
122,251,places/ChIJP1MRx6zYjkYRR1F9BRG0jw0,"Amarillo Ilves, Tampere","['restaurant', 'food', 'point_of_interest', 'establishment']",33100,Tampere,,010 7870051,3.8,True,https://maps.google.com/?cid=977197629362229575
123,252,places/ChIJW0-ANWHZjkYRnN3Nu5IHWF4,Sayam9,"['thai_restaurant', 'restaurant', 'food', 'point_of_interest', 'establishment']",33100,Tampere,,044 9229775,4.6,True,https://maps.google.com/?cid=6798191964313214364
124,257,places/ChIJBduW7V7ZjkYRjaSaoof9QlQ,Duga Burger Food,"['restaurant', 'food', 'point_of_interest', 'establishment']",33100,Tampere,,,5.0,True,https://maps.google.com/?cid=6071694006639305869
125,269,places/ChIJKQms-azYjkYRAHuKXy7UjQA,Stefan's Steakhouse Tampere,"['steak_house', 'hamburger_restaurant', 'american_restaurant', 'restaurant', 'food', 'point_of_interest', 'establishment']",33200,Tampere,,0100 5511,4.4,True,https://maps.google.com/?cid=39921267352697600
126,275,places/ChIJQ-cyRqvYjkYRPdMorVatqgI,Masu Asian Bistro,"['restaurant', 'sushi_restaurant', 'japanese_restaurant', 'point_of_interest', 'food', 'establishment']",33200,Tampere,,0100 5553,4.4,True,https://maps.google.com/?cid=192156521900593981
127,276,places/ChIJ01KYS6zYjkYRHQxUVVZLiKo,Punjab Kebab,"['fast_food_restaurant', 'indian_restaurant', 'restaurant', 'point_of_interest', 'food', 'establishment']",33200,Tampere,,03 2220091,3.7,True,https://maps.google.com/?cid=12288154417451240477
128,279,places/ChIJ5cavyq3YjkYRZCoII8XEcFU,Guru's Kitchen & Bar,"['restaurant', 'mediterranean_restaurant', 'middle_eastern_restaurant', 'bar', 'point_of_interest', 'food', 'establishment']",33200,Tampere,,029 1702477,4.3,True,https://maps.google.com/?cid=6156637041590807140
129,280,places/ChIJ4S1ByE_ZjkYRXaZCjK65tbY,Lounas- ja tilausravintola Koski,"['restaurant', 'point_of_interest', 'food', 'establishment']",33200,Tampere,,050 5437603,4.4,True,https://maps.google.com/?cid=13165633245016139357
130,285,places/ChIJRW7sZvDZjkYRQeY1JvYmVvc,Huadu Ravintola Tampere,"['restaurant', 'point_of_interest', 'food', 'establishment']",33200,Tampere,,050 3545828,4.2,True,https://maps.google.com/?cid=17822475414010193473
131,286,places/ChIJcZ1H2dzZjkYRZnG9gOCO46Y,leaf sushi,"['indonesian_restaurant', 'restaurant', 'point_of_interest', 'food', 'establishment']",33200,Tampere,,044 9768952,,True,https://maps.google.com/?cid=12025612524893073766
132,287,places/ChIJNy9IMazYjkYRDKAmTKfD0Qw,Ravinteli Huber,"['steak_house', 'restaurant', 'point_of_interest', 'food', 'establishment']",33200,Tampere,,040 0354997,4.7,True,https://maps.google.com/?cid=923734521892216844
133,292,places/ChIJBWZ8MKzYjkYRwQumkWLya64,Kattila,"['restaurant', 'food', 'point_of_interest', 'establishment']",33200,Tampere,,040 0552512,4.4,True,https://maps.google.com/?cid=12568405690271796161
134,296,places/ChIJg7sYJazYjkYRCJlUeSMSTLY,Kaffila,"['cafe', 'breakfast_restaurant', 'restaurant', 'food', 'point_of_interest', 'establishment']",33100,Tampere,,010 5085100,4.4,True,https://maps.google.com/?cid=13135894156701636872
135,298,places/ChIJ29qkX43ZjkYRmRwDft7AReQ,Maahan Deli,"['restaurant', 'food', 'point_of_interest', 'establishment']",33200,Tampere,,040 6719991,4.8,True,https://maps.google.com/?cid=16448765275870010521
136,299,places/ChIJ149hUOPZjkYRLLP99S4V4f0,Heart of Spain,"['bar', 'restaurant', 'food', 'point_of_interest', 'establishment']",33200,Tampere,,,5.0,True,https://maps.google.com/?cid=18293926452795388716
137,300,places/ChIJmV81ma7YjkYRLcEgsiygqX4,Kauppahallin Kotilounas Oy,"['cafe', 'restaurant', 'food', 'point_of_interest', 'establishment']",33200,Tampere,,040 7276331,4.0,True,https://maps.google.com/?cid=9127002233670517037
138,304,places/ChIJUaQdc6vYjkYRty6-FuLnlrc,Kumma Bar & Street Kitchen,"['restaurant', 'food', 'point_of_interest', 'establishment']",33200,Tampere,,040 1437007,4.4,True,https://maps.google.com/?cid=13229015913677598391
139,305,places/ChIJgYORKazYjkYRIVrqvbKN8eY,4vuodenaikaa,"['restaurant', 'food', 'point_of_interest', 'establishment']",33200,Tampere,,03 2124712,4.6,True,https://maps.google.com/?cid=16641237896940640801
140,309,places/ChIJtRpCZq7YjkYRip7mn68dWVo,Galata Kebab House,"['turkish_restaurant', 'restaurant', 'food', 'point_of_interest', 'establishment']",33200,Tampere,,03 2131113,4.3,True,https://maps.google.com/?cid=6510267376479936138
141,310,places/ChIJNfsqXaggj0YRbSxEqece8gQ,Ravintola Kiinan Tähti,"['restaurant', 'food', 'point_of_interest', 'establishment']",33200,Tampere,,045 6188820,4.3,True,https://maps.google.com/?cid=356381300841786477
142,311,places/ChIJBaSqYK7YjkYRBNc3J5_ZKdM,Food Chain Finland Oy,"['restaurant', 'food', 'point_of_interest', 'establishment']",33200,Tampere,,,,True,https://maps.google.com/?cid=15215932093628929796
143,313,places/ChIJxUn1XK7YjkYRFDlcbt-26xU,Sushi Itsudemo,"['sushi_restaurant', 'japanese_restaurant', 'restaurant', 'food', 'point_of_interest', 'establishment']",33200,Tampere,,045 2117177,4.4,True,https://maps.google.com/?cid=1579557165068990740
144,314,places/ChIJlfh5jTzZjkYRXGek7y2ehmY,Paloma Kitchen & Bar,"['restaurant', 'bar', 'food', 'point_of_interest', 'establishment']",33200,Tampere,,044 4935951,4.3,True,https://maps.google.com/?cid=7387766158879123292
145,315,places/ChIJGXNORa7YjkYRBuW5rJyb6rs,LV-Kahvit Oy,"['restaurant', 'food', 'point_of_interest', 'establishment']",33200,Tampere,,03 2120235,,True,https://maps.google.com/?cid=13540806326857884934
146,317,places/ChIJK5FiVIHZjkYRCuPCxfNPy0A,Haofu Oy,"['restaurant', 'food', 'point_of_interest', 'establishment']",33200,Tampere,,045 2117177,,True,https://maps.google.com/?cid=4668913347113181962
147,319,places/ChIJ8zoynu3ZjkYRJUB-MsxatYY,Ravintola Teatterikulma,"['bar', 'restaurant', 'food', 'point_of_interest', 'establishment']",33200,Tampere,,03 2120823,4.3,True,https://maps.google.com/?cid=9706764404933935141
148,320,places/ChIJ_Ymbyq_YjkYRvEuCtAYxST4,Ravitsemisliike Aisti,"['restaurant', 'food', 'point_of_interest', 'establishment']",33200,Tampere,,03 2232040,4.4,True,https://maps.google.com/?cid=4488172408519412668
149,321,places/ChIJffsjUADZjkYRcqkTEfnPkOA,Slicemonger Hämeenpuisto,"['pizza_restaurant', 'restaurant', 'food', 'point_of_interest', 'establishment']",33200,Tampere,,,4.7,True,https://maps.google.com/?cid=16181662129782499698
150,324,places/ChIJVyQ6WnLYjkYR0cdiNcAtHAU,Ainoya Asian Restaurant,"['sushi_restaurant', 'japanese_restaurant', 'restaurant', 'point_of_interest', 'food', 'establishment']",33100,Tampere,,09 42893845,4.1,True,https://maps.google.com/?cid=368219573090174929
151,325,places/ChIJoxL5alTfjkYRt6Bm30fXd9c,Sasor Ravintolat Oy,"['restaurant', 'point_of_interest', 'food', 'establishment']",33100,Tampere,,010 3246740,4.2,True,https://maps.google.com/?cid=15526114944073769143
152,326,places/ChIJ0QKiUFTfjkYRs9sHFqPw3pw,Kitchen & Bar Dabbal,"['restaurant', 'point_of_interest', 'food', 'establishment']",33100,Tampere,,040 7311004,4.2,True,https://maps.google.com/?cid=11303736697986472883
153,327,places/ChIJ7UgDi1TfjkYRLwHccVnkIME,Baba's Kitchen,"['turkish_restaurant', 'lebanese_restaurant', 'restaurant', 'food', 'point_of_interest', 'establishment']",33100,Tampere,,045 2032444,4.5,True,https://maps.google.com/?cid=13916373921388298543
154,328,places/ChIJccNboRvfjkYRlxFuyzkqEbk,Pizzeria Pitsa tullintori/ Tampere,"['restaurant', 'food', 'point_of_interest', 'establishment']",33100,Tampere,,050 5545118,4.0,True,https://maps.google.com/?cid=13335486399335240087
155,329,places/ChIJE0Gr-gvfjkYRpQNIzCkUto8,Pancho Villa Tullintori,"['american_restaurant', 'restaurant', 'food', 'point_of_interest', 'establishment']",33100,Tampere,,050 5129789,3.9,True,https://maps.google.com/?cid=10355486562938520485
156,334,places/ChIJBwAYLKzYjkYRCWyN60WhEiM,East Asia Mart,"['fast_food_restaurant', 'grocery_store', 'restaurant', 'food', 'store', 'point_of_interest', 'establishment']",33100,Tampere,,040 8099788,4.4,,https://maps.google.com/?cid=2527259662584998921
157,336,places/ChIJb45Nl1TfjkYRF-wV3AhnRls,Grill it! Paja Tampere,"['restaurant', 'food', 'point_of_interest', 'establishment']",33100,Tampere,,0300 870030,3.7,True,https://maps.google.com/?cid=6577057593571011607
158,345,places/ChIJ-aX1rFTfjkYRUEx1_yO24Eo,Bistro C,"['restaurant', 'point_of_interest', 'food', 'establishment']",33100,Tampere,,010 6179760,4.7,True,https://maps.google.com/?cid=5395512619315842128
159,351,places/ChIJ14isVFPfjkYRGqC87J-EAm4,Zeytuun,"['lebanese_restaurant', 'middle_eastern_restaurant', 'restaurant', 'point_of_interest', 'food', 'establishment']",33100,Tampere,,041 3152908,4.5,True,https://maps.google.com/?cid=7927044116531945498
160,352,places/ChIJ44xXq6zYjkYRV_Y8p5W0sFQ,Shanghai Chinese Restaurant,"['chinese_restaurant', 'restaurant', 'point_of_interest', 'food', 'establishment']",33100,Tampere,,045 2010411,4.4,True,https://maps.google.com/?cid=6102576049935939159
161,353,places/ChIJq1r4VavYjkYREODzOkDgPYM,Bodega Salud,"['spanish_restaurant', 'restaurant', 'point_of_interest', 'food', 'establishment']",33100,Tampere,,0100 5557,4.2,True,https://maps.google.com/?cid=9456961359019499536
162,355,places/ChIJVdztqazYjkYRrIWbVsFmuMc,Pikku Kiinalainen Ravintola,"['restaurant', 'point_of_interest', 'food', 'establishment']",33100,Tampere,,040 5164178,4.1,True,https://maps.google.com/?cid=14391365589830174124
163,356,places/ChIJM3UnqVzZjkYRs-A0zLxA9h0,Don Franco,"['pizza_restaurant', 'restaurant', 'point_of_interest', 'food', 'establishment']",33100,Tampere,,03 7777443,4.3,True,https://maps.google.com/?cid=2158984250994778291
164,357,places/ChIJVySPqazYjkYRhoa1_MkymGI,Nguyen Cao Su,"['chinese_restaurant', 'restaurant', 'point_of_interest', 'food', 'establishment']",33100,Tampere,,,3.3,True,https://maps.google.com/?cid=7104484255286527622
165,358,places/ChIJAVY6QqvYjkYRLz4HdUOi_nU,Scandic Tampere City,"['hotel', 'lodging', 'restaurant', 'point_of_interest', 'food', 'establishment']",33100,Tampere,,0300 308431,4.1,,https://maps.google.com/?cid=8502411557131992623
166,359,places/ChIJOX_w2UnZjkYRtBjX41ZC78o,Fast'n Fresh,"['fast_food_restaurant', 'restaurant', 'point_of_interest', 'food', 'establishment']",33100,Tampere,,040 5671447,3.1,True,https://maps.google.com/?cid=14622979456052435124
167,360,places/ChIJmXchqKzYjkYR5Sar59P4H3A,Kuparitalo Waffle Cafe,"['cafe', 'restaurant', 'food', 'point_of_interest', 'establishment']",33100,Tampere,,040 5941070,4.3,True,https://maps.google.com/?cid=8079449845534500581
168,363,places/ChIJbSxvVBrZjkYR13hRXnmiMuk,Bistro Amande,"['restaurant', 'food', 'point_of_interest', 'establishment']",33100,Tampere,,010 3223898,5.0,True,https://maps.google.com/?cid=16803671801829882071
169,365,places/ChIJaRGIpazYjkYRqaa-QHbfRvQ,Pizzeria Napoli,"['pizza_restaurant', 'italian_restaurant', 'restaurant', 'food', 'point_of_interest', 'establishment']",33100,Tampere,,03 2238887,4.5,True,https://maps.google.com/?cid=17602001892609533609
170,369,places/ChIJqwZsp6zYjkYRqbWWmcNy7cc,"Fit Wok, Tampere","['restaurant', 'food', 'point_of_interest', 'establishment']",33100,Tampere,,050 5597483,4.4,True,https://maps.google.com/?cid=14406296967449064873
171,370,places/ChIJ22zpX6vYjkYR78xAYoW_t14,Kotipizza,"['pizza_restaurant', 'meal_delivery', 'meal_takeaway', 'restaurant', 'food', 'point_of_interest', 'establishment']",33100,Tampere,,020 7716375,4.1,True,https://maps.google.com/?cid=6825134339903245551
172,374,places/ChIJdeZKRUPZjkYRvKbf_h9Cqfg,Bär Bar Aleksanterinkatu Tampere,"['coffee_shop', 'sandwich_shop', 'cafe', 'french_restaurant', 'store', 'restaurant', 'food', 'point_of_interest', 'establishment']",33100,Tampere,,050 5012677,4.5,True,https://maps.google.com/?cid=17917925297657718460
173,375,places/ChIJK4E4X6vYjkYReCDV0hC2rS0,Naughty BRGR Aleksanterinkatu,"['hamburger_restaurant', 'american_restaurant', 'restaurant', 'food', 'point_of_interest', 'establishment']",33100,Tampere,,040 1253232,4.3,True,https://maps.google.com/?cid=3291487086050615416
174,376,places/ChIJPdabX6vYjkYR1hyX1Oh1F3M,Sawings Oy,"['restaurant', 'food', 'point_of_interest', 'establishment']",33100,Tampere,,020 7716375,2.5,True,https://maps.google.com/?cid=8293226881685593302
175,377,places/ChIJEXjNhE7ZjkYRcljB-8uG9C0,Noodle Master Tampere,"['restaurant', 'food', 'point_of_interest', 'establishment']",33100,Tampere,,044 9888464,4.8,True,https://maps.google.com/?cid=3311419836684392562
176,379,places/ChIJE3H4X6vYjkYRHSO6phw-wUc,Dining 26 by Arto Rastas,"['mediterranean_restaurant', 'restaurant', 'food', 'point_of_interest', 'establishment']",33100,Tampere,,050 3304100,4.4,True,https://maps.google.com/?cid=5170482139975263005
177,380,places/ChIJl4cdKvLZjkYR12M7ThfUrUk,Talon Pizza,"['restaurant', 'food', 'point_of_interest', 'establishment']",33100,Tampere,,046 9456099,4.8,True,https://maps.google.com/?cid=5309132732301534167
178,381,places/ChIJNVK7OJjljkYRESwzP7r1K7c,Ravintola Purebite keskusta Tampere,"['brunch_restaurant', 'bar', 'restaurant', 'food', 'point_of_interest', 'establishment']",33100,Tampere,,040 9609388,4.6,True,https://maps.google.com/?cid=13198913313212410897
179,382,places/ChIJD5dMQxXZjkYRNbZ5jkWXBDQ,Downtown Bar & Kitchen,"['restaurant', 'food', 'point_of_interest', 'establishment']",33100,Tampere,,,4.2,True,https://maps.google.com/?cid=3748287114877974069
180,383,places/ChIJ-yhD22jZjkYRJjesrjBTkPE,Sailor's Bar & Grill,"['bar', 'restaurant', 'food', 'point_of_interest', 'establishment']",33100,Tampere,,044 9725499,4.5,True,https://maps.google.com/?cid=17406504028341024550
181,384,places/ChIJDS-P26LZjkYRI-LhBBBgp2I,Hot & Fast BBQ,"['turkish_restaurant', 'restaurant', 'food', 'point_of_interest', 'establishment']",33100,Tampere,,,1.8,True,https://maps.google.com/?cid=7108756158745272867
182,387,places/ChIJ6aiX_-PZjkYREqceQccolfI,Ravinteli Haarla,"['restaurant', 'food', 'point_of_interest', 'establishment']",33100,Tampere,,050 4774861,4.5,True,https://maps.google.com/?cid=17479922364964579090
183,388,places/ChIJy3WHQ43ZjkYRhn3Q6J9cUw8,Ravintola Siipiweikot - Tampere Keskusta,"['restaurant', 'food', 'point_of_interest', 'establishment']",33100,Tampere,,03 2129394,4.4,True,https://maps.google.com/?cid=1104328175511436678
184,389,places/ChIJg3QZxMTZjkYRpsWrfjlc5RQ,Boneless Tampere,"['restaurant', 'food', 'point_of_interest', 'establishment']",33100,Tampere,,044 9709374,4.7,True,https://maps.google.com/?cid=1505711052433376678
185,400,places/ChIJi9y2j6zYjkYR-OpCTy2ETpw,Pyynikin Brewhouse,"['bar', 'restaurant', 'point_of_interest', 'food', 'establishment']",33100,Tampere,,010 4233279,4.3,True,https://maps.google.com/?cid=11263085048238369528
186,406,places/ChIJvSx9gKzYjkYR3h-theXCvf8,Paapan Kapakka,"['night_club', 'event_venue', 'bar', 'restaurant', 'point_of_interest', 'food', 'establishment']",33100,Tampere,,0100 5581,4.1,,https://maps.google.com/?cid=18428099541315952606
187,407,places/ChIJ4V1tf6vYjkYRncClCePIBdY,Rengasravintolat Oy,"['restaurant', 'point_of_interest', 'food', 'establishment']",33100,Tampere,,03 2617811,3.8,True,https://maps.google.com/?cid=15421953376445120669
188,410,places/ChIJc7FmEqzYjkYRYh-tXByyIFc,Ruby & Fellas,"['bar', 'night_club', 'event_venue', 'restaurant', 'point_of_interest', 'food', 'establishment']",33100,Tampere,,050 5704591,4.1,True,https://maps.google.com/?cid=6278213715438149474
189,411,places/ChIJtU1BbazYjkYRm8q3mi1-smg,Fazer Café Hämeenkatu,"['cafe', 'breakfast_restaurant', 'restaurant', 'point_of_interest', 'bakery', 'store', 'food', 'establishment']",33100,Tampere,,040 1677568,4.2,True,https://maps.google.com/?cid=7544231060133366427
190,412,places/ChIJjTZtfC_ZjkYR7UBgeixTlxk,Las Palmas Tampere,"['restaurant', 'food', 'point_of_interest', 'establishment']",33100,Tampere,,010 7672400,3.4,,https://maps.google.com/?cid=1844034022928302317
191,413,places/ChIJxz29PazYjkYRFtKD1RM_95c,Hesburger Keskustori,"['fast_food_restaurant', 'restaurant', 'food', 'point_of_interest', 'establishment']",33101,Tampere,,044 4809386,3.6,True,https://maps.google.com/?cid=10950290373393764886
192,414,places/ChIJ7StlaebZjkYRU_P6PzwJuuM,Poké,"['american_restaurant', 'restaurant', 'food', 'point_of_interest', 'establishment']",33100,Tampere,,050 5118678,3.5,True,https://maps.google.com/?cid=16409438346653922131
193,415,places/ChIJtTrIFqzYjkYRMYlVgfcfKkU,Subway,"['sandwich_shop', 'meal_takeaway', 'fast_food_restaurant', 'restaurant', 'food', 'point_of_interest', 'establishment']",33100,Tampere,,010 4008530,4.0,True,https://maps.google.com/?cid=4983831085526124849
194,418,places/ChIJC0cbLdTZjkYR1GZ81J0MuuY,Milo's mediterranean Tampere,"['restaurant', 'food', 'point_of_interest', 'establishment']",33100,Tampere,,050 3060430,4.1,True,https://maps.google.com/?cid=16625614846405928660
195,421,places/ChIJRasnJazYjkYRmrzPd2pEOq0,Aitoleipä,"['coffee_shop', 'cafe', 'breakfast_restaurant', 'store', 'restaurant', 'food', 'point_of_interest', 'establishment']",33100,Tampere,,020 7931142,4.1,True,https://maps.google.com/?cid=12482364541278076058
196,425,places/ChIJr-MYJazYjkYRCaNjTYxv8N4,Ravintola Astor,"['restaurant', 'food', 'point_of_interest', 'establishment']",33200,Tampere,,010 3211600,4.2,True,https://maps.google.com/?cid=16064462519215039241
197,430,places/ChIJ22FsIKzYjkYRBNuRxgsd8WU,KaSi Ravintolat Oy,"['restaurant', 'food', 'point_of_interest', 'establishment']",33200,Tampere,,050 3217411,,True,https://maps.google.com/?cid=7345684403631282948
198,431,places/ChIJD1IfiDghj0YR1RQcbpDQBhw,Tampereen Eurolohi,"['restaurant', 'food', 'point_of_interest', 'establishment']",33200,Tampere,,045 3563523,4.4,True,https://maps.google.com/?cid=2019530801663448277
199,432,places/ChIJ2cRDednZjkYRg85KBrcZTNA,Natsu japanilainen ravintola,"['restaurant', 'food', 'point_of_interest', 'establishment']",33200,Tampere,,046 9503593,,True,https://maps.google.com/?cid=15009399931994295939
200,433,places/ChIJRZzzPlrZjkYRNypzWLoF9aE,Ilopilleri Kauppahalli,"['restaurant', 'food', 'point_of_interest', 'establishment']",33200,Tampere,,050 3883117,4.6,True,https://maps.google.com/?cid=11670240307306506807
201,435,places/ChIJ25qnn67YjkYRhwcNkMvAvng,Street Food,"['restaurant', 'food', 'point_of_interest', 'establishment']",33200,Tampere,,040 0231730,3.9,True,https://maps.google.com/?cid=8700603510654044039
202,437,places/ChIJjzYlIKzYjkYRQGs-fWDyTHg,Friends & Brgrs Keskustori,"['hamburger_restaurant', 'fast_food_restaurant', 'american_restaurant', 'restaurant', 'food', 'point_of_interest', 'establishment']",33200,Tampere,,040 6464627,4.2,True,https://maps.google.com/?cid=8668569879013387072
203,438,places/ChIJ2RxXIKzYjkYRY-B1DH-AvAU,Ravintola Vanha Monttu,"['bar', 'restaurant', 'food', 'point_of_interest', 'establishment']",33200,Tampere,,03 2126692,3.9,True,https://maps.google.com/?cid=413346548969496675
204,439,places/ChIJL8ED_1TZjkYRQcYVKgdrmVc,Helmi Izakaya,"['restaurant', 'food', 'point_of_interest', 'establishment']",33200,Tampere,,,4.8,True,https://maps.google.com/?cid=6312194031251473985
205,440,places/ChIJh-k0na7YjkYRUzi8ozlvebU,Sushibar Umami,"['sushi_restaurant', 'japanese_restaurant', 'restaurant', 'food', 'point_of_interest', 'establishment']",33200,Tampere,,,4.8,True,https://maps.google.com/?cid=13076605286397786195
206,443,places/ChIJlxlcnK7YjkYRRJdUS0slPwk,Ohana Lei'Pomo & Grille,"['restaurant', 'food', 'point_of_interest', 'establishment']",33200,Tampere,,040 7022988,4.4,True,https://maps.google.com/?cid=666292275190732612
207,445,places/ChIJM5pP37jZjkYRE9qtGFKN9i0,Filppa,"['restaurant', 'food', 'point_of_interest', 'establishment']",33200,Tampere,,010 7672454,3.8,True,https://maps.google.com/?cid=3311989959718459923
208,452,places/ChIJs5ltna7YjkYRk_Gbnb27U24,Kauppahallin Pyörykkäbaari,"['restaurant', 'food', 'point_of_interest', 'establishment']",33200,Tampere,,050 5878766,4.5,True,https://maps.google.com/?cid=7949904190306513299
209,453,places/ChIJlcsKkq7YjkYRzctsU0jvdtc,Viikinkiravintola Harald,"['steak_house', 'restaurant', 'food', 'store', 'point_of_interest', 'establishment']",33200,Tampere,,044 7668203,4.4,True,https://maps.google.com/?cid=15525859859322686413
210,454,places/ChIJydBvkq7YjkYRaaTaLZxKNtI,"Space Bowling & Billiards, Tampere","['bowling_alley', 'sports_complex', 'restaurant', 'food', 'point_of_interest', 'establishment']",33200,Tampere,,0100 5528,4.0,,https://maps.google.com/?cid=15147376431351899241
211,460,places/ChIJK9jmdz_ZjkYRc8H4WaXGsqI,Bar Hällä Wäliä,"['restaurant', 'food', 'point_of_interest', 'establishment']",33200,Tampere,,050 3545656,5.0,,https://maps.google.com/?cid=11723651193480200563
212,462,places/ChIJtTzYjK7YjkYRctPYpcUM2dk,Ravintola Teerenpeli,"['restaurant', 'bar', 'point_of_interest', 'food', 'establishment']",33200,Tampere,,042 4925210,4.2,True,https://maps.google.com/?cid=15697592019207115634
213,463,places/ChIJAUmsX67YjkYR8DnFkaAoUL0,Subway,"['sandwich_shop', 'fast_food_restaurant', 'meal_takeaway', 'restaurant', 'point_of_interest', 'food', 'establishment']",33200,Tampere,,05 3824840,4.0,True,https://maps.google.com/?cid=13641447941410732528
214,466,places/ChIJP4N14qjZjkYRNjKHvB89PG4,Luckiefun’s Sushibuffet,"['sushi_restaurant', 'meal_takeaway', 'japanese_restaurant', 'restaurant', 'point_of_interest', 'food', 'establishment']",33200,Tampere,,050 4422156,3.9,True,https://maps.google.com/?cid=7943291049290969654
215,467,places/ChIJqSW38a7YjkYRLU706_1gqcM,Bbl Sushi Oy,"['restaurant', 'point_of_interest', 'food', 'establishment']",33200,Tampere,,,,True,https://maps.google.com/?cid=14098906752161697325
216,470,places/ChIJ9zNn967YjkYRtV99y1Xx62c,Original Buffalo Wings Oy,"['restaurant', 'point_of_interest', 'food', 'establishment']",33200,Tampere,,,,True,https://maps.google.com/?cid=7488344156222087093
217,473,places/ChIJT8bK-a7YjkYRt-P6nkTs8co,Thai Golden Chang,"['thai_restaurant', 'restaurant', 'point_of_interest', 'food', 'establishment']",33200,Tampere,,03 2121778,4.5,True,https://maps.google.com/?cid=14623729244517884855
218,475,places/ChIJLUlcc1vZjkYRB2E0tzKw9cQ,Maranga,"['restaurant', 'food', 'point_of_interest', 'establishment']",33200,Tampere,,050 3623435,4.3,True,https://maps.google.com/?cid=14192443532596502791
219,477,places/ChIJx2Spqq_YjkYRu8L_1sAE70U,Etelän Kebab House,"['restaurant', 'food', 'point_of_interest', 'establishment']",33200,Tampere,,03 2110070,4.0,True,https://maps.google.com/?cid=5039251734338192059
220,478,places/ChIJmWdzqq_YjkYRBSC_65H4cMw,Restatrade Oy,"['restaurant', 'food', 'point_of_interest', 'establishment']",33200,Tampere,,03 2122614,,True,https://maps.google.com/?cid=14731547686738010117
221,484,places/ChIJ6aBxRgXZjkYRqNVMuMTH_6c,Ståhlberg Lunch & Catering,"['restaurant', 'food', 'point_of_interest', 'establishment']",33200,Tampere,,050 5978334,4.5,True,https://maps.google.com/?cid=12105613971114743208
222,485,places/ChIJrzwyrq_YjkYRUv98_TCfpF4,Rillinki,"['restaurant', 'food', 'point_of_interest', 'establishment']",33200,Tampere,,050 3141261,4.2,True,https://maps.google.com/?cid=6819750768505847634
223,494,places/ChIJ9U0aRkXZjkYRIJpZlRkjD9Y,Manse Grilli,"['restaurant', 'food', 'point_of_interest', 'establishment']",33210,Tampere,,045 2752285,3.8,True,https://maps.google.com/?cid=15424585841554070048
224,495,places/ChIJO5eVBVnfjkYRQWxzcMVMCgk,BAB pizza,"['pizza_restaurant', 'restaurant', 'food', 'point_of_interest', 'establishment']",33500,Tampere,,050 5540057,4.8,True,https://maps.google.com/?cid=651417506987338817
225,496,places/ChIJSWc5H3cnj0YRiKNwkcXiPdM,Cafe & Bakery Mimosa,"['cafe', 'vegan_restaurant', 'bakery', 'vegetarian_restaurant', 'restaurant', 'food', 'store', 'point_of_interest', 'establishment']",33500,Tampere,,044 2931635,4.4,True,https://maps.google.com/?cid=15221571653758657416
226,497,places/ChIJ5a6bxVXfjkYR8-6OCN4wYN0,Jiro Sushi Oy,"['restaurant', 'point_of_interest', 'food', 'establishment']",33500,Tampere,,040 7740288,,True,https://maps.google.com/?cid=15951803610330754803
227,499,places/ChIJuRSS91TfjkYRkWcxvFsOiAY,Ravintola Telakka,"['restaurant', 'event_venue', 'food', 'point_of_interest', 'establishment']",33100,Tampere,,03 2250700,4.3,True,https://maps.google.com/?cid=470641948222384017
228,500,places/ChIJU9bZ5FTfjkYRqEzKvuASGP4,Edun Herkkukeidas Oy,"['restaurant', 'food', 'point_of_interest', 'establishment']",33100,Tampere,,03 3563566,4.4,True,https://maps.google.com/?cid=18309405041557654696
229,501,places/ChIJB3p5_FTfjkYRlZFfjummt6A,Bar Passion,"['bar', 'restaurant', 'food', 'point_of_interest', 'establishment']",33100,Tampere,,010 2925006,4.0,True,https://maps.google.com/?cid=11580908488852738453
230,502,places/ChIJpfyz_VTfjkYRgPLErsDhzLI,Grilli HotDog,"['american_restaurant', 'meal_takeaway', 'restaurant', 'food', 'point_of_interest', 'establishment']",33100,Tampere,,,2.7,,https://maps.google.com/?cid=12883920851682259584
231,507,places/ChIJJUGE5VTfjkYR-yoH2wd9gjI,Tullikamari,"['night_club', 'event_venue', 'restaurant', 'food', 'point_of_interest', 'establishment']",33100,Tampere,,,4.3,True,https://maps.google.com/?cid=3639608921561705211
232,510,places/ChIJN8Rr8V7fjkYRwBvW6bTUT0Q,TnT - Tacos 'n' Tequila,"['mexican_restaurant', 'restaurant', 'food', 'point_of_interest', 'establishment']",33100,Tampere,,050 4440006,4.1,True,https://maps.google.com/?cid=4922386791221566400
233,511,places/ChIJfb873VTfjkYR3cExy8ySZjA,Pirates & Unicorns Oy,"['restaurant', 'food', 'point_of_interest', 'establishment']",33100,Tampere,,,,True,https://maps.google.com/?cid=3487636369725047261
234,512,places/ChIJmXh6PArfjkYRifaImSrdFB8,Hoax,"['vegan_restaurant', 'vegetarian_restaurant', 'restaurant', 'food', 'point_of_interest', 'establishment']",33100,Tampere,,050 4440006,4.5,True,https://maps.google.com/?cid=2239658089744234121
235,515,places/ChIJ_____1DfjkYRWl2Gzd_36-c,Pizzeria La Gare,"['restaurant', 'food', 'point_of_interest', 'establishment']",33100,Tampere,,03 2233681,4.3,True,https://maps.google.com/?cid=16711723382886260058
236,518,places/ChIJbwBf86DfjkYRAZoZd8i836M,"Subway Rautatieasema, Tampere","['sandwich_shop', 'restaurant', 'point_of_interest', 'food', 'establishment']",33100,Tampere,,050 3316344,3.8,True,https://maps.google.com/?cid=11808364317166377473
237,520,places/ChIJI4JmeRPfjkYR1RtI4zohZ30,bento ya,"['restaurant', 'point_of_interest', 'food', 'establishment']",33100,Tampere,,044 2405433,4.7,True,https://maps.google.com/?cid=9036227714147163093
238,524,places/ChIJq6rGr6zYjkYRNZmUzh7tcoM,Delibar Oy,"['restaurant', 'food', 'point_of_interest', 'establishment']",33100,Tampere,,,,True,https://maps.google.com/?cid=9471893682884221237
239,525,places/ChIJ-7jI5gfZjkYR5Rt_rZnaaAk,Il Centro Trattoria,"['restaurant', 'food', 'point_of_interest', 'establishment']",33100,Tampere,,03 24462132,3.7,True,https://maps.google.com/?cid=678032097494899685
240,528,places/ChIJWTDxN6vYjkYRmIuVRXeqJa0,Ale Pupi,"['bar', 'restaurant', 'food', 'point_of_interest', 'establishment']",33100,Tampere,,03 2110214,3.7,,https://maps.google.com/?cid=12476565771945085848
241,532,places/ChIJw_7eUKvYjkYR3qDZaQmdng4,Sticky Wingers,"['restaurant', 'hamburger_restaurant', 'american_restaurant', 'meal_takeaway', 'food', 'point_of_interest', 'establishment']",33100,Tampere,,040 4554411,4.2,True,https://maps.google.com/?cid=1053452026607411422
242,533,places/ChIJZ3XqKKXZjkYR8ZD3lg3AdSA,Biang,"['chinese_restaurant', 'restaurant', 'food', 'point_of_interest', 'establishment']",33100,Tampere,,040 5173000,4.6,True,https://maps.google.com/?cid=2338986746088755441
243,535,places/ChIJJwvnDqzYjkYRpUTqSxQVRqM,McDonald's Tampere Hämeenkatu,"['fast_food_restaurant', 'hamburger_restaurant', 'american_restaurant', 'restaurant', 'point_of_interest', 'food', 'establishment']",33100,Tampere,,040 7170648,3.6,True,https://maps.google.com/?cid=11765114253469172901
244,538,places/ChIJX03KH-bZjkYRs4JM9NoVrpk,Daiwo Sushi Tampere,"['sushi_restaurant', 'meal_takeaway', 'japanese_restaurant', 'restaurant', 'point_of_interest', 'food', 'establishment']",33100,Tampere,,046 6573999,4.4,True,https://maps.google.com/?cid=11073812563896337075
245,539,places/ChIJKdVNZqvYjkYR42zSxRUT9Ww,Pancho Villa,"['american_restaurant', 'restaurant', 'point_of_interest', 'food', 'establishment']",33100,Tampere,,03 2131233,3.9,True,https://maps.google.com/?cid=7851202509624470755
246,540,places/ChIJVVVlZ6vYjkYRf-8OpD7EVtQ,Juvenes,"['restaurant', 'point_of_interest', 'food', 'establishment']",33100,Tampere,,,,True,https://maps.google.com/?cid=15300632557357297535
247,542,places/ChIJrQYuX6vYjkYRJYhjc1Ryjko,Café Europa,"['cafe', 'bar', 'restaurant', 'point_of_interest', 'food', 'establishment']",33100,Tampere,,0100 5543,4.2,True,https://maps.google.com/?cid=5372357112538302501
248,544,places/ChIJC6gRX6vYjkYRvgV4JJGfcsM,Fujimi,"['sushi_restaurant', 'japanese_restaurant', 'restaurant', 'point_of_interest', 'food', 'establishment']",33100,Tampere,,050 3525801,4.7,True,https://maps.google.com/?cid=14083494430471882174
249,545,places/ChIJybSQfLLZjkYRb2-FaHZu4rU,Itsuyaki Tampere,"['restaurant', 'point_of_interest', 'food', 'establishment']",33100,Tampere,,050 5496129,4.8,True,https://maps.google.com/?cid=13106159320440336239
250,546,places/ChIJk-uSR6vYjkYRRNU78Bj2vG0,Burger King,"['fast_food_restaurant', 'hamburger_restaurant', 'american_restaurant', 'restaurant', 'point_of_interest', 'food', 'establishment']",33100,Tampere,,040 6374141,3.9,True,https://maps.google.com/?cid=7907465632725849412
251,547,places/ChIJI6STPwDZjkYRKQHC6hirYto,Taco Bell,"['fast_food_restaurant', 'restaurant', 'point_of_interest', 'food', 'establishment']",33100,Tampere,,041 7324742,3.7,True,https://maps.google.com/?cid=15736328171492081961
252,555,places/ChIJk-L9kK7YjkYRN8c3uasFDLA,Café Linkosuo Siilinkari,"['coffee_shop', 'breakfast_restaurant', 'cafe', 'restaurant', 'food', 'store', 'point_of_interest', 'establishment']",33100,Tampere,,020 7702489,4.1,True,https://maps.google.com/?cid=12685520485500831543
253,556,places/ChIJ0ZByxDHZjkYRnMMLE1NhWm8,LAM Ravintola,"['restaurant', 'food', 'point_of_interest', 'establishment']",33100,Tampere,,040 2214993,4.7,True,https://maps.google.com/?cid=8023832695543677852
254,560,places/ChIJSQuNf6vYjkYRs4kZiZC8IXk,Henkka Tampere,"['bar', 'restaurant', 'food', 'point_of_interest', 'establishment']",33100,Tampere,,010 2925040,3.7,True,https://maps.google.com/?cid=8728464881782196659
255,561,places/ChIJnz0lpAnZjkYRTJs31HpQi-k,BAGLUNG DURBAR,"['restaurant', 'food', 'point_of_interest', 'establishment']",33100,Tampere,,044 2478427,4.9,True,https://maps.google.com/?cid=16828632921076636492
256,563,places/ChIJ0QjUfqvYjkYRiaIfFODdMLM,Selvi Pizzeria,"['pizza_restaurant', 'hamburger_restaurant', 'american_restaurant', 'restaurant', 'food', 'point_of_interest', 'establishment']",33100,Tampere,,050 4729511,3.2,True,https://maps.google.com/?cid=12912064086151242377
257,566,places/ChIJE0AYEhTZjkYRcsiPvenEpjc,Dumpling Studio,"['chinese_restaurant', 'restaurant', 'food', 'point_of_interest', 'establishment']",33100,Tampere,,041 5878136,4.9,True,https://maps.google.com/?cid=4010109026406746226
258,567,places/ChIJD-fx8xTZjkYRYhRiT3kpuho,Social Burgerjoint,"['hamburger_restaurant', 'american_restaurant', 'restaurant', 'food', 'point_of_interest', 'establishment']",33100,Tampere,,045 78312911,4.3,True,https://maps.google.com/?cid=1925897391653917794
259,575,places/ChIJEQuLZj7ZjkYRT-2lesAi0Bs,Ravintola Pons,"['restaurant', 'food', 'point_of_interest', 'establishment']",33100,Tampere,,044 4937164,4.1,True,https://maps.google.com/?cid=2004140044266630479
260,576,places/ChIJrc6rgavYjkYRFP15MVYep48,Pella’s cafe,"['restaurant', 'cafe', 'food', 'point_of_interest', 'establishment']",33100,Tampere,,050 3443116,4.3,True,https://maps.google.com/?cid=10351275624080473364
261,577,places/ChIJhZ-CzSXZjkYRy-gFB6f8T9Q,Lie Mi Tampere,"['vietnamese_restaurant', 'restaurant', 'food', 'point_of_interest', 'establishment']",33100,Tampere,,050 3800020,4.3,True,https://maps.google.com/?cid=15298724253508430027
262,583,places/ChIJbbxqDs3ZjkYRd9ynkYPAVCg,Pella's Koskikatu 7,"['restaurant', 'food', 'point_of_interest', 'establishment']",33100,Tampere,,050 4715020,4.2,True,https://maps.google.com/?cid=2906159330877758583
263,584,places/ChIJH_whgavYjkYRE_DCMFKP-8A,Faasai Thai Restaurant,"['thai_restaurant', 'restaurant', 'food', 'point_of_interest', 'establishment']",33100,Tampere,,03 2121776,4.4,True,https://maps.google.com/?cid=13905865857604710419
264,585,places/ChIJSUDIiavYjkYRAsfWMm3vDH0,Puisto,"['restaurant', 'food', 'point_of_interest', 'establishment']",33100,Tampere,,010 7672370,4.0,True,https://maps.google.com/?cid=9010840206744930050
265,587,places/ChIJ0SKDDKzYjkYRFYk-Pmjwa6c,Klubimies,"['bar', 'restaurant', 'food', 'point_of_interest', 'establishment']",33100,Tampere,,050 3090161,3.9,True,https://maps.google.com/?cid=12064000357353556245
266,588,places/ChIJ18CPDKzYjkYRNyIONQBn_fM,Tillikka,"['restaurant', 'food', 'point_of_interest', 'establishment']",33100,Tampere,,050 3090161,4.0,True,https://maps.google.com/?cid=17581321770912064055
267,590,places/ChIJb0FYf6vYjkYRXMKUazGluaM,Korvatillikka,"['bar', 'restaurant', 'food', 'point_of_interest', 'establishment']",33100,Tampere,,050 3090584,3.9,True,https://maps.google.com/?cid=11797642330550616668
268,592,places/ChIJb0FYf6vYjkYR35bWBuAQkg0,Hämpin pizzeria,"['pizza_restaurant', 'restaurant', 'food', 'point_of_interest', 'establishment']",33100,Tampere,,050 4637712,4.1,True,https://maps.google.com/?cid=977862623466264287
269,593,places/ChIJbW556U7ZjkYRun2n-o0Oxio,Prince Hamlet Bar,"['bar', 'restaurant', 'food', 'point_of_interest', 'establishment']",33100,Tampere,,044 9770869,4.2,True,https://maps.google.com/?cid=3082166997940141498
270,594,places/ChIJr0EBD6zYjkYR5irkP9rx-Wc,Kulttuuriravintola Kivi,"['restaurant', 'food', 'point_of_interest', 'establishment']",33100,Tampere,,010 3462242,4.3,True,https://maps.google.com/?cid=7492285374784613094
271,599,places/ChIJI--vBKzYjkYRb7na33KelJI,Thu Huyen Grilli,"['restaurant', 'point_of_interest', 'food', 'establishment']",33100,Tampere,,,,True,https://maps.google.com/?cid=10562241242309769583
272,605,places/ChIJwdCTG6zYjkYR36M2sqvSVVU,Keskustorin Nakkifakiiri,"['fast_food_restaurant', 'restaurant', 'point_of_interest', 'food', 'establishment']",33200,Tampere,,,4.4,True,https://maps.google.com/?cid=6149052501115446239
273,610,places/ChIJC1aLpa7YjkYRfelUziHprYw,Lounaskahvila Seija Lahtinen,"['restaurant', 'food', 'point_of_interest', 'establishment']",33200,Tampere,,03 3762629,5.0,True,https://maps.google.com/?cid=10137014667685718397
274,615,places/ChIJkannAKXZjkYR8ub4I5QYIPY,"Bar & Terrace Hehkü, @ratikkaterassi","['bar', 'restaurant', 'food', 'point_of_interest', 'establishment']",33200,Tampere,,,5.0,True,https://maps.google.com/?cid=17735202357122754290
275,616,places/ChIJXVB_wK7YjkYRNNaRrqJkLVY,Venla,"['restaurant', 'food', 'point_of_interest', 'establishment']",33210,Tampere,,03 2125505,4.4,True,https://maps.google.com/?cid=6209730111090054708
276,619,places/ChIJX09qCu_ZjkYRe3WC1U2ACrU,Arun Thai Street Food,"['thai_restaurant', 'restaurant', 'food', 'point_of_interest', 'establishment']",33210,Tampere,,050 5774483,4.8,True,https://maps.google.com/?cid=13045380342414996859
277,621,places/ChIJVaN66K7YjkYRKnJosNkFzno,Tampereen Yo-Talo Oy,"['restaurant', 'food', 'point_of_interest', 'establishment']",33210,Tampere,,,4.0,True,https://maps.google.com/?cid=8849016750355280426
278,622,places/ChIJVaN66K7YjkYRydb-wqEJE1c,Tiiliholvi,"['restaurant', 'food', 'point_of_interest', 'establishment']",33210,Tampere,,020 7669061,4.5,True,https://maps.google.com/?cid=6274369296223098569
279,623,places/ChIJT8ZLciHZjkYRSIHrEyXMnbM,Abun herkut,"['restaurant', 'food', 'point_of_interest', 'establishment']",33210,Tampere,,041 3130860,4.4,True,https://maps.google.com/?cid=12942725363752730952
280,625,places/ChIJK8pw4a7YjkYRbuaA4YPwog8,Thai & Laos Restaurant,"['thai_restaurant', 'restaurant', 'food', 'point_of_interest', 'establishment']",33210,Tampere,,03 2220615,4.2,True,https://maps.google.com/?cid=1126727306010748526
281,628,places/ChIJtUdHkgLZjkYRSML1FeeS0Ak,Salsallada,"['restaurant', 'vegan_restaurant', 'vegetarian_restaurant', 'seafood_restaurant', 'spanish_restaurant', 'bar', 'food', 'point_of_interest', 'establishment']",33210,Tampere,,029 1702725,4.3,True,https://maps.google.com/?cid=707226662700696136
282,635,places/ChIJNT71BK_YjkYRLCrW_Mnwhe4,Ravintola Ukkometso,"['restaurant', 'bar', 'point_of_interest', 'food', 'establishment']",33210,Tampere,,050 5738714,4.2,True,https://maps.google.com/?cid=17187408303250352684
283,636,places/ChIJHZ-5Ia_YjkYRT09Utmb5b9I,Sitko Pizza Tampere,"['pizza_restaurant', 'meal_takeaway', 'bar', 'restaurant', 'point_of_interest', 'food', 'establishment']",33210,Tampere,,040 5506499,4.2,True,https://maps.google.com/?cid=15163612689920708431
284,638,places/ChIJrT1UIq_YjkYR8Q3c0vZ0iC8,Viihdekeskus Crazy,"['amusement_center', 'restaurant', 'point_of_interest', 'food', 'establishment']",33210,Tampere,,0100 5549,4.0,,https://maps.google.com/?cid=3425116120063675889
285,639,places/ChIJ-U3t7y3ZjkYRy-EyE8r4XCc,Polku jota kuljemme,"['sushi_restaurant', 'japanese_restaurant', 'restaurant', 'point_of_interest', 'food', 'establishment']",33210,Tampere,,044 3401986,4.7,True,https://maps.google.com/?cid=2836415412125753803
286,640,places/ChIJ32qKVQDZjkYRN1345mK5FU8,Ukkometso Puistro,"['bar', 'restaurant', 'point_of_interest', 'food', 'establishment']",33210,Tampere,,050 5738714,4.0,True,https://maps.google.com/?cid=5698664737940200759
287,644,places/ChIJZ47pd4TZjkYRRZXnk6r0to4,Curry Spot,"['restaurant', 'point_of_interest', 'food', 'establishment']",33210,Tampere,,040 4604907,4.4,True,https://maps.google.com/?cid=10283675812610151749
288,648,places/ChIJNSwoCq_YjkYRgJGpt9Zhnkc,Vinedu Oy,"['restaurant', 'food', 'point_of_interest', 'establishment']",33200,Tampere,,03 2227792,,True,https://maps.google.com/?cid=5160669797845406080
289,650,places/ChIJZa2hEFbfjkYRjPNuFdoHgDg,La Famiglia,"['italian_restaurant', 'restaurant', 'food', 'point_of_interest', 'establishment']",33500,Tampere,,010 7672430,4.0,True,https://maps.google.com/?cid=4071262696386786188
290,651,places/ChIJ44qdy3bfjkYRym-WD0Rbhck,Salho Lunch & Catering,"['restaurant', 'point_of_interest', 'food', 'establishment']",33500,Tampere,,050 3523099,4.5,True,https://maps.google.com/?cid=14521112921403453386
291,652,places/ChIJm7izWI7fjkYRDAufsh9FQ9o,Slice & Spice,"['pizza_restaurant', 'restaurant', 'point_of_interest', 'food', 'establishment']",33500,Tampere,,041 3135164,4.7,True,https://maps.google.com/?cid=15727490326150974220
292,653,places/ChIJQXIpCFXfjkYRLdDjz5OLMEQ,Pancho Villa Tammela,"['american_restaurant', 'restaurant', 'point_of_interest', 'food', 'establishment']",33500,Tampere,,050 5863925,4.0,True,https://maps.google.com/?cid=4913580660425478189
293,656,places/ChIJj23qW7ffjkYRR0O5SxFFW3I,Taqueria El Loco,"['mexican_restaurant', 'restaurant', 'point_of_interest', 'food', 'establishment']",33500,Tampere,,050 3380369,4.5,True,https://maps.google.com/?cid=8240255883791647559
294,660,places/ChIJ1amw7nXfjkYRWxthiQYSjJ0,Marilou's Filippiiniläinen Ravintola,"['restaurant', 'food', 'point_of_interest', 'establishment']",33500,Tampere,,03 2551606,4.8,True,https://maps.google.com/?cid=11352468579978124123
295,661,places/ChIJUZrlaFXfjkYRQ5v8_iAtXSc,Ravintola Borneo,"['restaurant', 'food', 'point_of_interest', 'establishment']",33100,Tampere,,045 3401722,4.5,True,https://maps.google.com/?cid=2836472960053451587
296,664,places/ChIJ93GnQgjfjkYR0zC4YlDhlW0,Ravintola Nonni,"['restaurant', 'point_of_interest', 'food', 'establishment']",33100,Tampere,,050 3011071,4.0,True,https://maps.google.com/?cid=7896465257033904339
297,665,places/ChIJQ6fLqVXfjkYRPuVGc-k6YFU,New Chinese Food,"['chinese_restaurant', 'restaurant', 'point_of_interest', 'food', 'establishment']",33100,Tampere,,050 3211743,4.3,True,https://maps.google.com/?cid=6151981865323914558
298,666,places/ChIJ2cTXqVXfjkYREu87MyIVN60,Hesburger Tampere Tammela,"['fast_food_restaurant', 'restaurant', 'point_of_interest', 'food', 'establishment']",33100,Tampere,,044 4809392,3.6,True,https://maps.google.com/?cid=12481468128913256210
299,667,places/ChIJtbHbU1TfjkYR0iH79kL1DHo,Subway,"['sandwich_shop', 'fast_food_restaurant', 'meal_takeaway', 'restaurant', 'point_of_interest', 'food', 'establishment']",33500,Tampere,,044 4915307,4.0,True,https://maps.google.com/?cid=8794673840308036050
300,668,places/ChIJQXIpCFXfjkYRs4MK4Sw883U,ROAST Rouhea Restaurang,"['restaurant', 'steak_house', 'hamburger_restaurant', 'american_restaurant', 'point_of_interest', 'food', 'establishment']",33100,Tampere,,029 1702478,4.3,True,https://maps.google.com/?cid=8499203085230048179
301,671,places/ChIJ6R3qA1XfjkYRjL5iLg_N-hg,La Toore Pizzeria,"['pizza_restaurant', 'restaurant', 'point_of_interest', 'food', 'establishment']",33100,Tampere,,044 0100868,3.1,True,https://maps.google.com/?cid=1799976466174361228
302,672,places/ChIJRzxjO2bfjkYR925fZBvkr6M,Ola - Ravintola,"['greek_restaurant', 'pizza_restaurant', 'restaurant', 'food', 'point_of_interest', 'establishment']",33100,Tampere,,050 5529806,4.5,True,https://maps.google.com/?cid=11794896755405844215
303,673,places/ChIJ6fAXA1XfjkYR3R9SdqQLWCU,Pizzeria Eiffel,"['restaurant', 'food', 'point_of_interest', 'establishment']",33100,Tampere,,044 9993442,2.9,True,https://maps.google.com/?cid=2690913578341507037
304,675,places/ChIJzYEiA1XfjkYRvVKCdb6EaIQ,Tentti,"['restaurant', 'food', 'point_of_interest', 'establishment']",33100,Tampere,,03 2237992,4.4,True,https://maps.google.com/?cid=9541021764134523581
305,681,places/ChIJMRrDjvXfjkYRTqWOI6lAToA,Whatever,"['restaurant', 'vegetarian_restaurant', 'food', 'point_of_interest', 'establishment']",33100,Tampere,,045 6700510,4.9,True,https://maps.google.com/?cid=9245398180228408654
306,684,places/ChIJgzL0-oHfjkYRrH3sLX4Q59Y,Osho Sushi,"['sushi_restaurant', 'japanese_restaurant', 'restaurant', 'food', 'point_of_interest', 'establishment']",33100,Tampere,,044 9832117,4.3,True,https://maps.google.com/?cid=15485363977859136940
307,686,places/ChIJL5rhiy3fjkYR6GJR1Q762Ac,Bistro Julienne,"['restaurant', 'food', 'point_of_interest', 'establishment']",33100,Tampere,,03 3398000,3.2,True,https://maps.google.com/?cid=565476694850364136
308,702,places/ChIJF5UbqMLZjkYRUBYojIg0fak,Ravintola Onni ja Leo,"['mediterranean_restaurant', 'restaurant', 'food', 'point_of_interest', 'establishment']",33100,Tampere,,045 2398717,4.3,True,https://maps.google.com/?cid=12212975525570287184
309,703,places/ChIJYbNkN6vYjkYR4-9S3rerWr0,Ravinteli Bertha,"['restaurant', 'food', 'point_of_interest', 'establishment']",33100,Tampere,,040 0355477,4.6,True,https://maps.google.com/?cid=13644406827269681123
310,704,places/ChIJLQzvj-vZjkYR_jHjrysUZyQ,Rioni Tampere,"['restaurant', 'food', 'point_of_interest', 'establishment']",30100,Tampere,,050 3914499,4.6,True,https://maps.google.com/?cid=2623087485833654782
311,705,places/ChIJ9_kZO6vYjkYRj6BnQIMqqvY,Ravintola Kajo,"['restaurant', 'food', 'point_of_interest', 'establishment']",33100,Tampere,,050 3298044,4.7,True,https://maps.google.com/?cid=17774065622580699279
312,707,places/ChIJ-yrsJqvYjkYRtyhw9h3Bjus,Restaurant,"['restaurant', 'food', 'point_of_interest', 'establishment']",33100,Tampere,,,5.0,True,https://maps.google.com/?cid=16973716380038736055
313,710,places/ChIJv6gAAsfZjkYRcf48XNsBFgE,Ristorante Pulcinella,"['restaurant', 'food', 'point_of_interest', 'establishment']",33100,Tampere,,050 5547441,4.3,True,https://maps.google.com/?cid=78252085182529137
314,711,places/ChIJ15CLz-zZjkYRHswAIevX1dI,Sushi Panda Tampere,"['sushi_restaurant', 'japanese_restaurant', 'restaurant', 'point_of_interest', 'food', 'establishment']",33100,Tampere,,044 2489919,4.5,True,https://maps.google.com/?cid=15192286322875223070
315,712,places/ChIJm_sEFKvYjkYRoDX1TtrZ32A,Tampereen Bakery Cafe,"['coffee_shop', 'cafe', 'restaurant', 'point_of_interest', 'store', 'food', 'establishment']",33100,Tampere,,050 4629332,4.4,True,https://maps.google.com/?cid=6980537479098348960
316,713,places/ChIJHXvjSFvZjkYRgmwGUefnb9M,Juku Sushi & Wok K-Supermarket Hämeenkatu,"['meal_takeaway', 'japanese_restaurant', 'restaurant', 'point_of_interest', 'food', 'establishment']",33100,Tampere,,,4.3,,https://maps.google.com/?cid=15235651045100514434
317,714,places/ChIJi3buEKvYjkYRsT1YJ1y9x9Q,Bistro Naapuri,"['restaurant', 'cafe', 'meal_takeaway', 'point_of_interest', 'food', 'establishment']",33100,Tampere,,,4.4,True,https://maps.google.com/?cid=15332431659900878257
318,724,places/ChIJa7IQzx_ZjkYRVhzDvXX9ppU,Los Pollos Grill & Bar,"['restaurant', 'point_of_interest', 'food', 'establishment']",33100,Tampere,,040 0320328,4.2,True,https://maps.google.com/?cid=10783585039921912918
319,727,places/ChIJL-tJtqzZjkYR-bBVyrbelP4,Funky Woo Asian Street Food & Bar,"['restaurant', 'point_of_interest', 'food', 'establishment']",33100,Tampere,,050 5519347,4.3,True,https://maps.google.com/?cid=18344532058846900473
320,731,places/ChIJ7U1unqvYjkYRFqO_D0r08E8,Bar Inez,"['restaurant', 'point_of_interest', 'food', 'establishment']",33100,Tampere,,050 4387537,4.2,True,https://maps.google.com/?cid=5760372522335838998
321,737,places/ChIJ9wgXPOXZjkYR-NBE-_H0OFs,Pakistanilainen Ravintola (Zouq foods),"['restaurant', 'point_of_interest', 'food', 'establishment']",33100,Tampere,,044 9782627,4.9,True,https://maps.google.com/?cid=6573272976287125752
322,738,places/ChIJGcgtsSnZjkYRx70-y9RPtDM,Sahara Fast Food,"['restaurant', 'point_of_interest', 'food', 'establishment']",33100,Tampere,,046 6638507,4.2,True,https://maps.google.com/?cid=3725690567103790535
323,740,places/ChIJ51xr65XZjkYRPPs6ZXDqBoo,Ravintola Bord,"['restaurant', 'food', 'point_of_interest', 'establishment']",33100,Tampere,,,2.9,True,https://maps.google.com/?cid=9945894595549920060
324,751,places/ChIJpaCHya7YjkYRkCTpNuvy3Aw,Laterna,"['restaurant', 'point_of_interest', 'food', 'establishment']",33210,Tampere,,020 7669067,4.1,True,https://maps.google.com/?cid=926882715383964816
325,752,places/ChIJUwUfaLXZjkYRIzAAhvB8mPQ,Bistro Eloisa,"['restaurant', 'food', 'point_of_interest', 'establishment']",33210,Tampere,,050 5816817,4.5,True,https://maps.google.com/?cid=17624974514196590627
326,754,places/ChIJgXWYG3TfjkYRKuiku7h2W0c,Eflatun,"['restaurant', 'food', 'point_of_interest', 'establishment']",33210,Tampere,,,4.4,True,https://maps.google.com/?cid=5141833935367759914
327,755,places/ChIJg8xeiIXZjkYRfn5XlRfXu9s,Ravintola Lilia,"['restaurant', 'food', 'point_of_interest', 'establishment']",33210,Tampere,,050 3639905,4.0,True,https://maps.google.com/?cid=15833485411240869502
328,756,places/ChIJMY49TtfZjkYRWoHgEIlRpR0,Zarillo,"['restaurant', 'hamburger_restaurant', 'american_restaurant', 'food', 'point_of_interest', 'establishment']",33210,Tampere,,050 5701851,4.1,True,https://maps.google.com/?cid=2136203247392686426
329,757,places/ChIJ87rQy67YjkYRB7eZCHrAfyM,Tampereen Suomalainen Klubi R.Y.,"['restaurant', 'food', 'point_of_interest', 'establishment']",33210,Tampere,,040 0494314,4.1,True,https://maps.google.com/?cid=2557974743732565767
330,758,places/ChIJV10KWwDZjkYRglD5ufPYo4s,Iskif Restaurant & cafe,"['restaurant', 'food', 'point_of_interest', 'establishment']",33210,Tampere,,040 6686506,4.9,True,https://maps.google.com/?cid=10062124533784596610
331,759,places/ChIJ3zXgJ-LZjkYRHsoEVeq_iSs,Restaurant Tbilisi,"['restaurant', 'food', 'point_of_interest', 'establishment']",33210,Tampere,,050 3388818,4.9,True,https://maps.google.com/?cid=3137249628609890846
332,760,places/ChIJta6TA2xUjkYR7wvAzxQNoAY,MiminTalli Oy - Ohjelmatoimisto,"['coffee_shop', 'cafe', 'event_venue', 'restaurant', 'food', 'store', 'point_of_interest', 'establishment']",33101,Tampere,,050 5483210,5.0,,https://maps.google.com/?cid=477395943537249263
333,765,places/ChIJVYawJ6_YjkYRZB_XVMjRdP8,VM-ravintolat Oy,"['restaurant', 'food', 'point_of_interest', 'establishment']",33210,Tampere,,,,True,https://maps.google.com/?cid=18407568235317108580
334,766,places/ChIJaRP0EBrZjkYREMc324Clz-E,Han Guk,"['korean_restaurant', 'restaurant', 'food', 'point_of_interest', 'establishment']",33210,Tampere,,044 9760444,4.8,True,https://maps.google.com/?cid=16271405951565154064
335,767,places/ChIJDfWZHbrZjkYRVpuAl02dj_Y,5/5 Falafel,"['middle_eastern_restaurant', 'pizza_restaurant', 'restaurant', 'food', 'point_of_interest', 'establishment']",33210,Tampere,,040 0449590,4.8,True,https://maps.google.com/?cid=17766592011579726678
336,776,places/ChIJHXBfJ-bZjkYRge97b5myJtA,Mamoste Buffet&Grill,"['turkish_restaurant', 'restaurant', 'food', 'point_of_interest', 'establishment']",33210,Tampere,,044 2494690,4.7,True,https://maps.google.com/?cid=14998871981074149249
337,779,places/ChIJ7RGxL6_YjkYR-3KKpe_hO2U,Indian Restaurant Nanda Devi,"['indian_restaurant', 'restaurant', 'food', 'point_of_interest', 'establishment']",33210,Tampere,,03 2130935,4.3,True,https://maps.google.com/?cid=7294672440847397627
338,786,places/ChIJQxcOMa_YjkYRJO_31weIrgQ,Jalla Jalla,"['middle_eastern_restaurant', 'restaurant', 'food', 'point_of_interest', 'establishment']",33210,Tampere,,03 2144376,3.7,True,https://maps.google.com/?cid=337356589368864548
339,789,places/ChIJTYVqB6_YjkYR2yWLSf01CUU,Gastropub Tuulensuu,"['restaurant', 'food', 'point_of_interest', 'establishment']",33210,Tampere,,03 2141553,4.4,True,https://maps.google.com/?cid=4974566625384277467
340,792,places/ChIJfYRsMq_YjkYRmm2uomPfJNs,Ravintola Ohranjyvä,"['restaurant', 'food', 'point_of_interest', 'establishment']",33210,Tampere,,050 3265097,4.1,True,https://maps.google.com/?cid=15790991812491898266
341,794,places/ChIJOyu_zIfZjkYRCh9OoXLr-uw,Street Pitas Food Truck,"['restaurant', 'food', 'point_of_interest', 'establishment']",33210,Tampere,,044 9279182,,True,https://maps.google.com/?cid=17076219814693707530
342,800,places/ChIJ2YyhxnbfjkYRe0R0bUW5LJQ,Beck's Bar & Grill,"['restaurant', 'point_of_interest', 'food', 'establishment']",33500,Tampere,,050 3713022,3.5,True,https://maps.google.com/?cid=10677112524428821627
343,801,places/ChIJY7J_gVXfjkYR-FzJyfAtZaY,Kasvisravintola Gopal,"['vegetarian_restaurant', 'restaurant', 'point_of_interest', 'food', 'establishment']",33500,Tampere,,03 2531002,4.5,True,https://maps.google.com/?cid=11990040095144631544
344,802,places/ChIJWc82c1XfjkYRjVBUu8BpiWQ,Indian Cuisine Star and Moonlight,"['indian_restaurant', 'restaurant', 'point_of_interest', 'food', 'establishment']",33100,Tampere,,045 8037533,4.3,True,https://maps.google.com/?cid=7244437752099655821
345,803,places/ChIJUeHmFTXfjkYRFacNKi08fs8,Schnitzelhaus,"['restaurant', 'point_of_interest', 'food', 'establishment']",33100,Tampere,,050 3715955,4.5,True,https://maps.google.com/?cid=14951453977593358101
346,805,places/ChIJkWw6elXfjkYRxPRa78GVwdk,Wanha Mestari,"['bar', 'restaurant', 'point_of_interest', 'food', 'establishment']",33100,Tampere,,040 1716402,4.1,True,https://maps.google.com/?cid=15690987236912460996
347,811,places/ChIJN5RwDBDfjkYRyI1NsHwNys8,Pulo,"['restaurant', 'food', 'point_of_interest', 'establishment']",33100,Tampere,,040 4807879,4.9,True,https://maps.google.com/?cid=14972794740331613640
348,812,places/ChIJAQAEQ1XfjkYRkaZgQr2o5UU,Hasana Oy,"['pizza_restaurant', 'restaurant', 'food', 'point_of_interest', 'establishment']",33100,Tampere,,044 3329068,3.7,True,https://maps.google.com/?cid=5036617289099683473
349,813,places/ChIJ-QET07PfjkYRPOOiEqdrTVs,Toki Nuki,"['ramen_restaurant', 'japanese_restaurant', 'restaurant', 'food', 'point_of_interest', 'establishment']",33100,Tampere,,041 7264827,4.1,True,https://maps.google.com/?cid=6579032995974538044
350,814,places/ChIJ5bDzNg_fjkYRrTsgrCC6GaY,Ravintola Yak-Nak,"['restaurant', 'food', 'point_of_interest', 'establishment']",33100,Tampere,,040 0168072,4.6,True,https://maps.google.com/?cid=11968802134203317165
351,815,places/ChIJfzDz5lffjkYRbb4jbk420i0,PSTA,"['restaurant', 'food', 'point_of_interest', 'establishment']",33100,Tampere,,044 7866177,3.9,True,https://maps.google.com/?cid=3301761187299180141
352,818,places/ChIJtSG02KrYjkYRgio6aTM92AY,Ravintola Steam,"['restaurant', 'point_of_interest', 'food', 'establishment']",33100,Tampere,,03 23922132,4.2,True,https://maps.google.com/?cid=493211450215115394
353,820,places/ChIJK4or4KrYjkYRwt0V1MFx_aM,Subway,"['sandwich_shop', 'fast_food_restaurant', 'meal_takeaway', 'restaurant', 'point_of_interest', 'food', 'establishment']",33100,Tampere,,050 3503800,4.0,True,https://maps.google.com/?cid=11816726074590879170
354,822,places/ChIJyyKABKvYjkYRknql4LYFoXA,Ravintola Selma,"['restaurant', 'coffee_shop', 'cafe', 'food', 'store', 'point_of_interest', 'establishment']",33100,Tampere,,040 8372427,4.1,True,https://maps.google.com/?cid=8115774286509472402
355,824,places/ChIJk5cnAavYjkYRkm0yVijh5TA,Lotus Garden Restaurant,"['chinese_restaurant', 'restaurant', 'food', 'point_of_interest', 'establishment']",33100,Tampere,,03 2225228,3.8,True,https://maps.google.com/?cid=3523469846848368018
356,827,places/ChIJ6VcNEtbZjkYRUE5x_ErUqyY,Ravintola Subham,"['restaurant', 'food', 'point_of_interest', 'establishment']",33100,Tampere,,044 2352230,4.4,True,https://maps.google.com/?cid=2786554212986736208
357,828,places/ChIJn0C3Lt7ZjkYRO2xYlMJXz-o,Nom Noms,"['restaurant', 'food', 'point_of_interest', 'establishment']",33100,Tampere,,041 7204719,,True,https://maps.google.com/?cid=16919838818278337595
358,836,places/ChIJ72TMzavYjkYRiNtOzeJ0QrY,Cafe 13,"['restaurant', 'food', 'point_of_interest', 'establishment']",33100,Tampere,,050 5281669,4.5,True,https://maps.google.com/?cid=13133187980821715848
359,837,places/ChIJLwXC1qvYjkYR16AiFCFcypE,Bistro Tammer,"['restaurant', 'food', 'point_of_interest', 'establishment']",33100,Tampere,,0300 870030,4.1,True,https://maps.google.com/?cid=10505310377936593111
360,838,places/ChIJ3Th0fM7ZjkYRgLen-hDqNZU,Restaurant DAM,"['restaurant', 'point_of_interest', 'food', 'establishment']",33100,Tampere,,050 5534403,4.2,True,https://maps.google.com/?cid=10751757044062599040
361,841,places/ChIJL4xaT6nYjkYRRM9N2_3E9ak,Restaurant Frenckell & Piha,"['restaurant', 'point_of_interest', 'food', 'establishment']",33210,Tampere,,020 7600358,4.1,True,https://maps.google.com/?cid=12246911356289011524
362,842,places/ChIJ8YoCsgzZjkYRWumBM8fuBe4,Finlayson Meetings,"['convention_center', 'coffee_shop', 'cafe', 'event_venue', 'restaurant', 'point_of_interest', 'store', 'food', 'establishment']",33210,Tampere,,040 1207499,4.3,,https://maps.google.com/?cid=17151377295240456538
363,843,places/ChIJhVv5gavYjkYRhxBGJdyJlZo,Pizzeria Luca,"['pizza_restaurant', 'italian_restaurant', 'meal_takeaway', 'restaurant', 'food', 'point_of_interest', 'establishment']",33100,Tampere,,010 2294001,4.1,True,https://maps.google.com/?cid=11138960831981949063
364,844,places/ChIJ9-DhN6nYjkYRPYOS6surRuI,Fazer Food Services Oy,"['restaurant', 'food', 'point_of_interest', 'establishment']",33210,Tampere,,,,True,https://maps.google.com/?cid=16304908393243640637
365,846,places/ChIJcYcZFqnYjkYRpSxEwvgpHOg,Aulakh Avoin yhtiö,"['restaurant', 'food', 'point_of_interest', 'establishment']",33210,Tampere,,040 1290162,,True,https://maps.google.com/?cid=16725289264535055525
366,847,places/ChIJHWsBFKnYjkYRXikw9XwvJI8,Taj Indian Restaurant,"['indian_restaurant', 'restaurant', 'food', 'point_of_interest', 'establishment']",33210,Tampere,,040 1290162,4.3,True,https://maps.google.com/?cid=10314421260321302878
367,848,places/ChIJWf6jHqnYjkYRBdXxauWDiNY,Brewery Restaurant Plevna,"['bar', 'restaurant', 'food', 'point_of_interest', 'establishment']",33210,Tampere,,03 2601200,4.3,True,https://maps.google.com/?cid=15458750742314210565
368,850,places/ChIJi__J2ajYjkYRfw-5-K93nbY,"Pancho Villa Tampere, Satakunnankatu","['american_restaurant', 'restaurant', 'food', 'point_of_interest', 'establishment']",33210,Tampere,,03 2131231,4.0,True,https://maps.google.com/?cid=13158805283922317183
369,856,places/ChIJuU3l0KjYjkYRQTdKxOMFJhI,Power Pizzeria,"['pizza_restaurant', 'fast_food_restaurant', 'restaurant', 'food', 'point_of_interest', 'establishment']",33210,Tampere,,050 3556565,3.5,True,https://maps.google.com/?cid=1307739217606620993
370,863,places/ChIJVw2BcwjZjkYRZrujIeqfMfk,Ravintola Aama,"['restaurant', 'point_of_interest', 'food', 'establishment']",33210,Tampere,,041 3115699,4.7,True,https://maps.google.com/?cid=17956309017238420326
371,866,places/ChIJ9cS3Ta_YjkYRbL2LZG3Qroo,Stefanien Salonki Ky,"['restaurant', 'point_of_interest', 'food', 'establishment']",33210,Tampere,,03 2223001,5.0,True,https://maps.google.com/?cid=9993153791438601580
372,869,places/ChIJO3OhV6_YjkYRy4Op_3kleaA,Rally Grill T:MI,"['restaurant', 'food', 'point_of_interest', 'establishment']",33210,Tampere,,040 1553223,3.5,True,https://maps.google.com/?cid=11563314724161029067
